Datetime,Load [kW]
4/9/23 0:00,0.50065
4/9/23 0:01,0.500416667
4/9/23 0:02,0.500433333
4/9/23 0:03,0.508483333
4/9/23 0:04,0.426083333
4/9/23 0:05,0.372616667
4/9/23 0:06,0.3729
4/9/23 0:07,0.36865
4/9/23 0:08,0.363566667
4/9/23 0:09,0.36535
4/9/23 0:10,0.373416667
4/9/23 0:11,0.36825
4/9/23 0:12,0.3748
4/9/23 0:13,0.374
4/9/23 0:14,0.38165
4/9/23 0:15,0.378616667
4/9/23 0:16,0.43345
4/9/23 0:17,0.50325
4/9/23 0:18,0.499233333
4/9/23 0:19,0.503166667
4/9/23 0:20,0.5136
4/9/23 0:21,0.51525
4/9/23 0:22,0.51265
4/9/23 0:23,0.512016667
4/9/23 0:24,0.508916667
4/9/23 0:25,0.443833333
4/9/23 0:26,0.363983333
4/9/23 0:27,0.359816667
4/9/23 0:28,0.359433333
4/9/23 0:29,0.3604
4/9/23 0:30,0.3644
4/9/23 0:31,0.37175
4/9/23 0:32,0.37615
4/9/23 0:33,0.379083333
4/9/23 0:34,0.371266667
4/9/23 0:35,0.37785
4/9/23 0:36,0.36895
4/9/23 0:37,0.361133333
4/9/23 0:38,0.518166667
4/9/23 0:39,0.497833333
4/9/23 0:40,0.498966667
4/9/23 0:41,0.507216667
4/9/23 0:42,0.512233333
4/9/23 0:43,0.511966667
4/9/23 0:44,0.51295
4/9/23 0:45,0.509016667
4/9/23 0:46,0.486466667
4/9/23 0:47,0.366833333
4/9/23 0:48,0.359933333
4/9/23 0:49,0.35975
4/9/23 0:50,0.36015
4/9/23 0:51,0.36915
4/9/23 0:52,0.379
4/9/23 0:53,0.373966667
4/9/23 0:54,0.3736
4/9/23 0:55,0.372916667
4/9/23 0:56,0.36965
4/9/23 0:57,0.368533333
4/9/23 0:58,0.3633
4/9/23 0:59,0.44815
4/9/23 1:00,0.499933333
4/9/23 1:01,0.496616667
4/9/23 1:02,0.503733333
4/9/23 1:03,0.511716667
4/9/23 1:04,0.512733333
4/9/23 1:05,0.512166667
4/9/23 1:06,0.510166667
4/9/23 1:07,0.50335
4/9/23 1:08,0.410916667
4/9/23 1:09,0.365316667
4/9/23 1:10,0.35635
4/9/23 1:11,0.356983333
4/9/23 1:12,0.357583333
4/9/23 1:13,0.35705
4/9/23 1:14,0.366516667
4/9/23 1:15,0.368316667
4/9/23 1:16,0.3679
4/9/23 1:17,0.3678
4/9/23 1:18,0.364616667
4/9/23 1:19,0.361133333
4/9/23 1:20,0.356183333
4/9/23 1:21,0.49785
4/9/23 1:22,0.4938
4/9/23 1:23,0.504083333
4/9/23 1:24,0.515966667
4/9/23 1:25,0.50655
4/9/23 1:26,0.5069
4/9/23 1:27,0.503083333
4/9/23 1:28,0.496233333
4/9/23 1:29,0.475533333
4/9/23 1:30,0.351933333
4/9/23 1:31,0.35215
4/9/23 1:32,0.35595
4/9/23 1:33,0.3635
4/9/23 1:34,0.363683333
4/9/23 1:35,0.3642
4/9/23 1:36,0.363616667
4/9/23 1:37,0.352516667
4/9/23 1:38,0.352166667
4/9/23 1:39,0.351816667
4/9/23 1:40,0.357183333
4/9/23 1:41,0.370033333
4/9/23 1:42,0.402083333
4/9/23 1:43,0.506383333
4/9/23 1:44,0.503866667
4/9/23 1:45,0.493433333
4/9/23 1:46,0.494333333
4/9/23 1:47,0.496016667
4/9/23 1:48,0.50005
4/9/23 1:49,0.506583333
4/9/23 1:50,0.506966667
4/9/23 1:51,0.450033333
4/9/23 1:52,0.365183333
4/9/23 1:53,0.350483333
4/9/23 1:54,0.3547
4/9/23 1:55,0.364466667
4/9/23 1:56,0.365666667
4/9/23 1:57,0.37385
4/9/23 1:58,0.38525
4/9/23 1:59,0.381883333
4/9/23 2:00,0.375633333
4/9/23 2:01,0.374983333
4/9/23 2:02,0.375216667
4/9/23 2:03,0.376866667
4/9/23 2:04,0.40805
4/9/23 2:05,0.499233333
4/9/23 2:06,0.495733333
4/9/23 2:07,0.498166667
4/9/23 2:08,0.497366667
4/9/23 2:09,0.505616667
4/9/23 2:10,0.517116667
4/9/23 2:11,0.515116667
4/9/23 2:12,0.50795
4/9/23 2:13,0.428916667
4/9/23 2:14,0.363466667
4/9/23 2:15,0.35485
4/9/23 2:16,0.35515
4/9/23 2:17,0.357416667
4/9/23 2:18,0.362233333
4/9/23 2:19,0.3685
4/9/23 2:20,0.3663
4/9/23 2:21,0.3684
4/9/23 2:22,0.36755
4/9/23 2:23,0.356
4/9/23 2:24,0.3529
4/9/23 2:25,0.357566667
4/9/23 2:26,0.404666667
4/9/23 2:27,0.51735
4/9/23 2:28,0.508833333
4/9/23 2:29,0.503933333
4/9/23 2:30,0.505116667
4/9/23 2:31,0.492883333
4/9/23 2:32,0.492733333
4/9/23 2:33,0.493116667
4/9/23 2:34,0.496716667
4/9/23 2:35,0.423666667
4/9/23 2:36,0.362133333
4/9/23 2:37,0.362333333
4/9/23 2:38,0.362016667
4/9/23 2:39,0.350816667
4/9/23 2:40,0.351216667
4/9/23 2:41,0.350483333
4/9/23 2:42,0.35435
4/9/23 2:43,0.3619
4/9/23 2:44,0.371416667
4/9/23 2:45,0.365066667
4/9/23 2:46,0.36235
4/9/23 2:47,0.3571
4/9/23 2:48,0.36005
4/9/23 2:49,0.511733333
4/9/23 2:50,0.487816667
4/9/23 2:51,0.488666667
4/9/23 2:52,0.500733333
4/9/23 2:53,0.498866667
4/9/23 2:54,0.5056
4/9/23 2:55,0.5066
4/9/23 2:56,0.50635
4/9/23 2:57,0.4518
4/9/23 2:58,0.363683333
4/9/23 2:59,0.362183333
4/9/23 3:00,0.3609
4/9/23 3:01,0.355816667
4/9/23 3:02,0.35625
4/9/23 3:03,0.35315
4/9/23 3:04,0.353183333
4/9/23 3:05,0.3603
4/9/23 3:06,0.364983333
4/9/23 3:07,0.366666667
4/9/23 3:08,0.372466667
4/9/23 3:09,0.368333333
4/9/23 3:10,0.361133333
4/9/23 3:11,0.451583333
4/9/23 3:12,0.49045
4/9/23 3:13,0.488083333
4/9/23 3:14,0.494683333
4/9/23 3:15,0.503666667
4/9/23 3:16,0.503866667
4/9/23 3:17,0.5039
4/9/23 3:18,0.502383333
4/9/23 3:19,0.486766667
4/9/23 3:20,0.351933333
4/9/23 3:21,0.350566667
4/9/23 3:22,0.353783333
4/9/23 3:23,0.36305
4/9/23 3:24,0.369966667
4/9/23 3:25,0.377583333
4/9/23 3:26,0.367266667
4/9/23 3:27,0.362233333
4/9/23 3:28,0.36215
4/9/23 3:29,0.37235
4/9/23 3:30,0.355616667
4/9/23 3:31,0.353
4/9/23 3:32,0.352816667
4/9/23 3:33,0.355133333
4/9/23 3:34,0.5265
4/9/23 3:35,0.50255
4/9/23 3:36,0.501833333
4/9/23 3:37,0.505583333
4/9/23 3:38,0.504733333
4/9/23 3:39,0.502633333
4/9/23 3:40,0.501933333
4/9/23 3:41,0.492616667
4/9/23 3:42,0.421466667
4/9/23 3:43,0.354283333
4/9/23 3:44,0.353583333
4/9/23 3:45,0.363266667
4/9/23 3:46,0.37125
4/9/23 3:47,0.363766667
4/9/23 3:48,0.362833333
4/9/23 3:49,0.357483333
4/9/23 3:50,0.349933333
4/9/23 3:51,0.34955
4/9/23 3:52,0.349916667
4/9/23 3:53,0.35765
4/9/23 3:54,0.36175
4/9/23 3:55,0.36465
4/9/23 3:56,0.421733333
4/9/23 3:57,0.502066667
4/9/23 3:58,0.4945
4/9/23 3:59,0.4981
4/9/23 4:00,0.646116667
4/9/23 4:01,0.665483333
4/9/23 4:02,0.668183333
4/9/23 4:03,0.663233333
4/9/23 4:04,0.670766667
4/9/23 4:05,0.55325
4/9/23 4:06,0.520416667
4/9/23 4:07,0.518533333
4/9/23 4:08,0.510416667
4/9/23 4:09,0.5081
4/9/23 4:10,0.507
4/9/23 4:11,0.506466667
4/9/23 4:12,0.5104
4/9/23 4:13,0.5171
4/9/23 4:14,0.51825
4/9/23 4:15,0.51775
4/9/23 4:16,0.517266667
4/9/23 4:17,0.517266667
4/9/23 4:18,0.51215
4/9/23 4:19,0.573416667
4/9/23 4:20,0.871883333
4/9/23 4:21,0.88335
4/9/23 4:22,0.898
4/9/23 4:23,0.905566667
4/9/23 4:24,0.914783333
4/9/23 4:25,0.919783333
4/9/23 4:26,0.91935
4/9/23 4:27,0.918583333
4/9/23 4:28,0.796783333
4/9/23 4:29,0.77615
4/9/23 4:30,0.77045
4/9/23 4:31,0.772283333
4/9/23 4:32,0.774666667
4/9/23 4:33,0.783633333
4/9/23 4:34,0.790583333
4/9/23 4:35,0.789133333
4/9/23 4:36,0.789683333
4/9/23 4:37,0.787116667
4/9/23 4:38,0.78345
4/9/23 4:39,0.791133333
4/9/23 4:40,0.784116667
4/9/23 4:41,0.792666667
4/9/23 4:42,0.83025
4/9/23 4:43,0.937216667
4/9/23 4:44,0.931466667
4/9/23 4:45,0.9342
4/9/23 4:46,0.935633333
4/9/23 4:47,0.937433333
4/9/23 4:48,0.934716667
4/9/23 4:49,0.925166667
4/9/23 4:50,0.9283
4/9/23 4:51,0.8304
4/9/23 4:52,0.789716667
4/9/23 4:53,0.798233333
4/9/23 4:54,0.801833333
4/9/23 4:55,0.817183333
4/9/23 4:56,0.8111
4/9/23 4:57,0.807366667
4/9/23 4:58,0.80525
4/9/23 4:59,0.79565
4/9/23 5:00,0.79935
4/9/23 5:01,0.798116667
4/9/23 5:02,0.801383333
4/9/23 5:03,0.808016667
4/9/23 5:04,0.816716667
4/9/23 5:05,0.8144
4/9/23 5:06,0.94345
4/9/23 5:07,0.955566667
4/9/23 5:08,0.945916667
4/9/23 5:09,0.942716667
4/9/23 5:10,0.942016667
4/9/23 5:11,0.945066667
4/9/23 5:12,0.957
4/9/23 5:13,0.965133333
4/9/23 5:14,0.902566667
4/9/23 5:15,0.8195
4/9/23 5:16,0.81855
4/9/23 5:17,0.816683333
4/9/23 5:18,0.8071
4/9/23 5:19,0.807683333
4/9/23 5:20,0.811133333
4/9/23 5:21,0.821316667
4/9/23 5:22,0.82085
4/9/23 5:23,0.822633333
4/9/23 5:24,0.824483333
4/9/23 5:25,0.8238
4/9/23 5:26,0.81815
4/9/23 5:27,0.816266667
4/9/23 5:28,0.818033333
4/9/23 5:29,0.875366667
4/9/23 5:30,0.98365
4/9/23 5:31,0.966033333
4/9/23 5:32,0.968133333
4/9/23 5:33,0.9715
4/9/23 5:34,0.976166667
4/9/23 5:35,0.9754
4/9/23 5:36,0.966416667
4/9/23 5:37,0.966683333
4/9/23 5:38,0.847616667
4/9/23 5:39,0.8239
4/9/23 5:40,0.8236
4/9/23 5:41,0.826766667
4/9/23 5:42,0.83705
4/9/23 5:43,0.836683333
4/9/23 5:44,0.834683333
4/9/23 5:45,0.837383333
4/9/23 5:46,0.843533333
4/9/23 5:47,0.841216667
4/9/23 5:48,0.8424
4/9/23 5:49,0.832566667
4/9/23 5:50,0.829416667
4/9/23 5:51,0.824266667
4/9/23 5:52,0.82875
4/9/23 5:53,0.91075
4/9/23 5:54,0.982783333
4/9/23 5:55,0.9769
4/9/23 5:56,0.982633333
4/9/23 5:57,0.985533333
4/9/23 5:58,0.978066667
4/9/23 5:59,0.979116667
4/9/23 6:00,0.978383333
4/9/23 6:01,0.975033333
4/9/23 6:02,0.8353
4/9/23 6:03,0.83635
4/9/23 6:04,0.846
4/9/23 6:05,0.853383333
4/9/23 6:06,0.861233333
4/9/23 6:07,0.858683333
4/9/23 6:08,0.856383333
4/9/23 6:09,0.847516667
4/9/23 6:10,0.854883333
4/9/23 6:11,0.851916667
4/9/23 6:12,0.842866667
4/9/23 6:13,0.842466667
4/9/23 6:14,0.848583333
4/9/23 6:15,0.84835
4/9/23 6:16,0.847583333
4/9/23 6:17,0.9076
4/9/23 6:18,0.998333333
4/9/23 6:19,0.993283333
4/9/23 6:20,0.996383333
4/9/23 6:21,0.999733333
4/9/23 6:22,0.997016667
4/9/23 6:23,0.988433333
4/9/23 6:24,0.998083333
4/9/23 6:25,0.999883333
4/9/23 6:26,0.86245
4/9/23 6:27,0.863883333
4/9/23 6:28,0.865816667
4/9/23 6:29,0.86335
4/9/23 6:30,0.861483333
4/9/23 6:31,0.867533333
4/9/23 6:32,0.861466667
4/9/23 6:33,0.865933333
4/9/23 6:34,0.858
4/9/23 6:35,0.8559
4/9/23 6:36,0.854583333
4/9/23 6:37,0.859433333
4/9/23 6:38,0.867733333
4/9/23 6:39,0.869666667
4/9/23 6:40,0.873216667
4/9/23 6:41,0.870983333
4/9/23 6:42,1.017066667
4/9/23 6:43,1.015016667
4/9/23 6:44,1.003516667
4/9/23 6:45,1.0122
4/9/23 6:46,1.01625
4/9/23 6:47,1.030466667
4/9/23 6:48,1.031316667
4/9/23 6:49,1.0325
4/9/23 6:50,0.953716667
4/9/23 6:51,0.894866667
4/9/23 6:52,0.88275
4/9/23 6:53,0.88285
4/9/23 6:54,0.876866667
4/9/23 6:55,0.875
4/9/23 6:56,0.9637
4/9/23 6:57,1.109383333
4/9/23 6:58,1.1275
4/9/23 6:59,1.121983333
4/9/23 7:00,1.280883333
4/9/23 7:01,1.122966667
4/9/23 7:02,1.152583333
4/9/23 7:03,1.1439
4/9/23 7:04,1.22625
4/9/23 7:05,1.259166667
4/9/23 7:06,1.261116667
4/9/23 7:07,1.1935
4/9/23 7:08,1.070583333
4/9/23 7:09,1.070716667
4/9/23 7:10,1.062233333
4/9/23 7:11,1.056433333
4/9/23 7:12,1.48095
4/9/23 7:13,1.50995
4/9/23 7:14,1.49415
4/9/23 7:15,1.486783333
4/9/23 7:16,1.291366667
4/9/23 7:17,1.102483333
4/9/23 7:18,1.07915
4/9/23 7:19,0.937816667
4/9/23 7:20,0.494633333
4/9/23 7:21,0.4883
4/9/23 7:22,0.4971
4/9/23 7:23,0.778166667
4/9/23 7:24,0.628583333
4/9/23 7:25,0.763983333
4/9/23 7:26,0.5351
4/9/23 7:27,0.484783333
4/9/23 7:28,0.484283333
4/9/23 7:29,0.477083333
4/9/23 7:30,0.46475
4/9/23 7:31,0.472133333
4/9/23 7:32,0.471133333
4/9/23 7:33,0.469033333
4/9/23 7:34,0.47905
4/9/23 7:35,0.46685
4/9/23 7:36,0.4718
4/9/23 7:37,0.482116667
4/9/23 7:38,0.63915
4/9/23 7:39,0.668516667
4/9/23 7:40,0.770716667
4/9/23 7:41,0.815966667
4/9/23 7:42,0.815616667
4/9/23 7:43,0.81335
4/9/23 7:44,0.809916667
4/9/23 7:45,0.806433333
4/9/23 7:46,0.792416667
4/9/23 7:47,0.78925
4/9/23 7:48,0.786416667
4/9/23 7:49,0.7918
4/9/23 7:50,0.793866667
4/9/23 7:51,0.802333333
4/9/23 7:52,0.766666667
4/9/23 7:53,0.637983333
4/9/23 7:54,0.638016667
4/9/23 7:55,0.629366667
4/9/23 7:56,0.620366667
4/9/23 7:57,0.620383333
4/9/23 7:58,0.657033333
4/9/23 7:59,0.676366667
4/9/23 8:00,0.676066667
4/9/23 8:01,0.641983333
4/9/23 8:02,0.623933333
4/9/23 8:03,0.622
4/9/23 8:04,0.616816667
4/9/23 8:05,0.613066667
4/9/23 8:06,0.741166667
4/9/23 8:07,0.74505
4/9/23 8:08,0.75375
4/9/23 8:09,0.7581
4/9/23 8:10,0.746766667
4/9/23 8:11,0.751983333
4/9/23 8:12,0.754916667
4/9/23 8:13,0.7539
4/9/23 8:14,0.75085
4/9/23 8:15,0.7486
4/9/23 8:16,0.62125
4/9/23 8:17,0.5899
4/9/23 8:18,0.58585
4/9/23 8:19,0.5971
4/9/23 8:20,0.593816667
4/9/23 8:21,0.591183333
4/9/23 8:22,0.588316667
4/9/23 8:23,0.587333333
4/9/23 8:24,0.5746
4/9/23 8:25,0.571816667
4/9/23 8:26,0.58255
4/9/23 8:27,0.57785
4/9/23 8:28,0.566283333
4/9/23 8:29,0.52225
4/9/23 8:30,0.598116667
4/9/23 8:31,0.517316667
4/9/23 8:32,0.5171
4/9/23 8:33,0.5185
4/9/23 8:34,0.513666667
4/9/23 8:35,0.5089
4/9/23 8:36,0.499183333
4/9/23 8:37,0.49475
4/9/23 8:38,0.4925
4/9/23 8:39,0.378866667
4/9/23 8:40,0.34905
4/9/23 8:41,0.354
4/9/23 8:42,0.353016667
4/9/23 8:43,0.35435
4/9/23 8:44,0.3593
4/9/23 8:45,0.347433333
4/9/23 8:46,0.347883333
4/9/23 8:47,0.33635
4/9/23 8:48,0.33445
4/9/23 8:49,0.328383333
4/9/23 8:50,0.325333333
4/9/23 8:51,0.3325
4/9/23 8:52,0.400066667
4/9/23 8:53,0.47825
4/9/23 8:54,0.47455
4/9/23 8:55,0.476483333
4/9/23 8:56,0.464033333
4/9/23 8:57,0.46405
4/9/23 8:58,0.46245
4/9/23 8:59,0.464316667
4/9/23 9:00,0.4805
4/9/23 9:01,0.47335
4/9/23 9:02,0.375833333
4/9/23 9:03,0.450116667
4/9/23 9:04,0.520916667
4/9/23 9:05,0.508483333
4/9/23 9:06,0.504033333
4/9/23 9:07,0.502966667
4/9/23 9:08,0.507183333
4/9/23 9:09,0.51435
4/9/23 9:10,0.514016667
4/9/23 9:11,0.5088
4/9/23 9:12,0.5072
4/9/23 9:13,0.503066667
4/9/23 9:14,0.50105
4/9/23 9:15,0.57125
4/9/23 9:16,0.630266667
4/9/23 9:17,0.626466667
4/9/23 9:18,0.630666667
4/9/23 9:19,0.541216667
4/9/23 9:20,0.528266667
4/9/23 9:21,0.438733333
4/9/23 9:22,0.437566667
4/9/23 9:23,0.434483333
4/9/23 9:24,0.385166667
4/9/23 9:25,0.27935
4/9/23 9:26,0.278116667
4/9/23 9:27,0.277516667
4/9/23 9:28,0.449516667
4/9/23 9:29,0.48375
4/9/23 9:30,0.285933333
4/9/23 9:31,0.283583333
4/9/23 9:32,0.283766667
4/9/23 9:33,0.279083333
4/9/23 9:34,0.27855
4/9/23 9:35,0.28085
4/9/23 9:36,0.275
4/9/23 9:37,0.28025
4/9/23 9:38,0.3802
4/9/23 9:39,0.417833333
4/9/23 9:40,0.42095
4/9/23 9:41,0.421933333
4/9/23 9:42,0.422266667
4/9/23 9:43,0.422833333
4/9/23 9:44,0.413733333
4/9/23 9:45,0.409266667
4/9/23 9:46,0.4091
4/9/23 9:47,0.322116667
4/9/23 9:48,0.272383333
4/9/23 9:49,0.273983333
4/9/23 9:50,0.27365
4/9/23 9:51,0.2717
4/9/23 9:52,0.270433333
4/9/23 9:53,0.258433333
4/9/23 9:54,0.266716667
4/9/23 9:55,0.255916667
4/9/23 9:56,0.348
4/9/23 9:57,0.695933333
4/9/23 9:58,0.463916667
4/9/23 9:59,0.4026
4/9/23 10:00,0.317966667
4/9/23 10:01,0.394033333
4/9/23 10:02,0.41745
4/9/23 10:03,0.415383333
4/9/23 10:04,0.396933333
4/9/23 10:05,0.404416667
4/9/23 10:06,0.396366667
4/9/23 10:07,0.386016667
4/9/23 10:08,0.386166667
4/9/23 10:09,0.395033333
4/9/23 10:10,0.280216667
4/9/23 10:11,0.263816667
4/9/23 10:12,0.239816667
4/9/23 10:13,0.237966667
4/9/23 10:14,0.290083333
4/9/23 10:15,0.2443
4/9/23 10:16,0.2437
4/9/23 10:17,0.250283333
4/9/23 10:18,0.241483333
4/9/23 10:19,0.395366667
4/9/23 10:20,0.383416667
4/9/23 10:21,0.38615
4/9/23 10:22,0.37405
4/9/23 10:23,0.38075
4/9/23 10:24,0.386183333
4/9/23 10:25,0.379916667
4/9/23 10:26,0.382966667
4/9/23 10:27,0.387066667
4/9/23 10:28,0.3861
4/9/23 10:29,0.38275
4/9/23 10:30,0.667583333
4/9/23 10:31,0.682866667
4/9/23 10:32,0.58465
4/9/23 10:33,0.609916667
4/9/23 10:34,0.6821
4/9/23 10:35,0.961266667
4/9/23 10:36,0.99815
4/9/23 10:37,0.9701
4/9/23 10:38,0.968916667
4/9/23 10:39,0.958083333
4/9/23 10:40,0.9402
4/9/23 10:41,0.94425
4/9/23 10:42,0.948133333
4/9/23 10:43,0.931866667
4/9/23 10:44,0.857583333
4/9/23 10:45,0.839866667
4/9/23 10:46,0.869466667
4/9/23 10:47,0.861816667
4/9/23 10:48,0.863183333
4/9/23 10:49,0.875116667
4/9/23 10:50,0.919633333
4/9/23 10:51,0.953233333
4/9/23 10:52,1.43855
4/9/23 10:53,1.150133333
4/9/23 10:54,1.002183333
4/9/23 10:55,0.8199
4/9/23 10:56,0.775416667
4/9/23 10:57,0.764816667
4/9/23 10:58,0.770116667
4/9/23 10:59,0.7588
4/9/23 11:00,0.7531
4/9/23 11:01,0.752233333
4/9/23 11:02,0.7622
4/9/23 11:03,0.725966667
4/9/23 11:04,0.730733333
4/9/23 11:05,0.738683333
4/9/23 11:06,0.7321
4/9/23 11:07,0.8271
4/9/23 11:08,0.885316667
4/9/23 11:09,0.886
4/9/23 11:10,0.881266667
4/9/23 11:11,0.882333333
4/9/23 11:12,0.871333333
4/9/23 11:13,0.870433333
4/9/23 11:14,0.8761
4/9/23 11:15,0.874766667
4/9/23 11:16,0.837783333
4/9/23 11:17,0.744416667
4/9/23 11:18,0.7572
4/9/23 11:19,0.737383333
4/9/23 11:20,0.73575
4/9/23 11:21,0.756916667
4/9/23 11:22,0.757166667
4/9/23 11:23,0.7487
4/9/23 11:24,0.756933333
4/9/23 11:25,0.763883333
4/9/23 11:26,0.775466667
4/9/23 11:27,0.7792
4/9/23 11:28,0.777866667
4/9/23 11:29,0.975016667
4/9/23 11:30,1.1294
4/9/23 11:31,1.037616667
4/9/23 11:32,0.9261
4/9/23 11:33,0.909583333
4/9/23 11:34,0.9285
4/9/23 11:35,0.898066667
4/9/23 11:36,0.9336
4/9/23 11:37,0.905683333
4/9/23 11:38,0.8054
4/9/23 11:39,0.740016667
4/9/23 11:40,0.745666667
4/9/23 11:41,0.754983333
4/9/23 11:42,0.7529
4/9/23 11:43,0.920466667
4/9/23 11:44,0.877
4/9/23 11:45,0.752316667
4/9/23 11:46,0.7721
4/9/23 11:47,0.777016667
4/9/23 11:48,0.760666667
4/9/23 11:49,0.767766667
4/9/23 11:50,0.782383333
4/9/23 11:51,1.0231
4/9/23 11:52,1.11485
4/9/23 11:53,0.90455
4/9/23 11:54,0.910916667
4/9/23 11:55,0.90865
4/9/23 11:56,0.90335
4/9/23 11:57,0.914766667
4/9/23 11:58,0.912716667
4/9/23 11:59,0.899233333
4/9/23 12:00,0.772633333
4/9/23 12:01,0.733616667
4/9/23 12:02,0.779066667
4/9/23 12:03,0.772283333
4/9/23 12:04,0.785516667
4/9/23 12:05,0.795583333
4/9/23 12:06,0.78715
4/9/23 12:07,0.779733333
4/9/23 12:08,0.779583333
4/9/23 12:09,0.771833333
4/9/23 12:10,0.778066667
4/9/23 12:11,0.756216667
4/9/23 12:12,0.809483333
4/9/23 12:13,0.937116667
4/9/23 12:14,0.918966667
4/9/23 12:15,0.918166667
4/9/23 12:16,0.926483333
4/9/23 12:17,0.919166667
4/9/23 12:18,0.932783333
4/9/23 12:19,0.94725
4/9/23 12:20,0.9277
4/9/23 12:21,0.868883333
4/9/23 12:22,0.773533333
4/9/23 12:23,0.783866667
4/9/23 12:24,0.78755
4/9/23 12:25,0.784083333
4/9/23 12:26,0.781083333
4/9/23 12:27,0.786283333
4/9/23 12:28,0.791883333
4/9/23 12:29,0.763066667
4/9/23 12:30,0.761416667
4/9/23 12:31,0.765033333
4/9/23 12:32,0.76845
4/9/23 12:33,0.805733333
4/9/23 12:34,0.850683333
4/9/23 12:35,0.931883333
4/9/23 12:36,0.918383333
4/9/23 12:37,0.922466667
4/9/23 12:38,0.924283333
4/9/23 12:39,0.911583333
4/9/23 12:40,0.913983333
4/9/23 12:41,0.924683333
4/9/23 12:42,0.92855
4/9/23 12:43,0.865283333
4/9/23 12:44,0.760083333
4/9/23 12:45,0.749566667
4/9/23 12:46,0.750583333
4/9/23 12:47,0.770333333
4/9/23 12:48,0.769833333
4/9/23 12:49,0.77455
4/9/23 12:50,0.8175
4/9/23 12:51,0.863833333
4/9/23 12:52,0.9186
4/9/23 12:53,0.92485
4/9/23 12:54,0.941366667
4/9/23 12:55,0.9167
4/9/23 12:56,0.926783333
4/9/23 12:57,0.925983333
4/9/23 12:58,0.953883333
4/9/23 12:59,0.9386
4/9/23 13:00,0.879816667
4/9/23 13:01,0.881333333
4/9/23 13:02,0.870483333
4/9/23 13:03,0.867016667
4/9/23 13:04,0.870783333
4/9/23 13:05,0.93295
4/9/23 13:06,1.063366667
4/9/23 13:07,1.0606
4/9/23 13:08,0.93715
4/9/23 13:09,0.92075
4/9/23 13:10,0.3999
4/9/23 13:11,0.338716667
4/9/23 13:12,0.3341
4/9/23 13:13,0.3351
4/9/23 13:14,0.340683333
4/9/23 13:15,0.396866667
4/9/23 13:16,0.330166667
4/9/23 13:17,0.2627
4/9/23 13:18,0.287533333
4/9/23 13:19,0.263666667
4/9/23 13:20,0.330916667
4/9/23 13:21,0.401233333
4/9/23 13:22,0.410366667
4/9/23 13:23,0.431133333
4/9/23 13:24,0.52005
4/9/23 13:25,0.523883333
4/9/23 13:26,0.5258
4/9/23 13:27,0.544783333
4/9/23 13:28,0.5175
4/9/23 13:29,0.541516667
4/9/23 13:30,0.488433333
4/9/23 13:31,0.433433333
4/9/23 13:32,0.599083333
4/9/23 13:33,0.609716667
4/9/23 13:34,0.60835
4/9/23 13:35,0.605983333
4/9/23 13:36,0.5997
4/9/23 13:37,0.597733333
4/9/23 13:38,0.599216667
4/9/23 13:39,0.5983
4/9/23 13:40,0.551866667
4/9/23 13:41,0.465683333
4/9/23 13:42,0.4659
4/9/23 13:43,0.4668
4/9/23 13:44,0.471883333
4/9/23 13:45,0.477433333
4/9/23 13:46,0.467433333
4/9/23 13:47,0.46035
4/9/23 13:48,0.460083333
4/9/23 13:49,0.468516667
4/9/23 13:50,0.467233333
4/9/23 13:51,0.464133333
4/9/23 13:52,0.469216667
4/9/23 13:53,0.4697
4/9/23 13:54,0.5022
4/9/23 13:55,0.611316667
4/9/23 13:56,0.60405
4/9/23 13:57,0.598783333
4/9/23 13:58,0.600466667
4/9/23 13:59,0.592916667
4/9/23 14:00,0.6049
4/9/23 14:01,0.6275
4/9/23 14:02,0.617733333
4/9/23 14:03,0.6145
4/9/23 14:04,0.490316667
4/9/23 14:05,0.473366667
4/9/23 14:06,0.4582
4/9/23 14:07,0.461366667
4/9/23 14:08,0.460316667
4/9/23 14:09,0.461866667
4/9/23 14:10,0.472233333
4/9/23 14:11,0.475166667
4/9/23 14:12,0.475883333
4/9/23 14:13,0.471166667
4/9/23 14:14,0.476816667
4/9/23 14:15,0.464883333
4/9/23 14:16,0.464183333
4/9/23 14:17,0.54925
4/9/23 14:18,0.587283333
4/9/23 14:19,0.610466667
4/9/23 14:20,0.485616667
4/9/23 14:21,0.44125
4/9/23 14:22,0.426816667
4/9/23 14:23,0.42465
4/9/23 14:24,0.418433333
4/9/23 14:25,0.418833333
4/9/23 14:26,0.42105
4/9/23 14:27,0.421566667
4/9/23 14:28,0.419766667
4/9/23 14:29,0.404366667
4/9/23 14:30,0.304716667
4/9/23 14:31,0.289166667
4/9/23 14:32,0.29185
4/9/23 14:33,0.281933333
4/9/23 14:34,0.278716667
4/9/23 14:35,0.281
4/9/23 14:36,0.281766667
4/9/23 14:37,0.304966667
4/9/23 14:38,0.29965
4/9/23 14:39,0.31385
4/9/23 14:40,0.301733333
4/9/23 14:41,0.305233333
4/9/23 14:42,0.4261
4/9/23 14:43,0.425833333
4/9/23 14:44,0.424816667
4/9/23 14:45,0.427266667
4/9/23 14:46,0.426783333
4/9/23 14:47,0.43395
4/9/23 14:48,0.438266667
4/9/23 14:49,0.440016667
4/9/23 14:50,0.4408
4/9/23 14:51,0.364366667
4/9/23 14:52,0.287016667
4/9/23 14:53,0.288683333
4/9/23 14:54,0.29845
4/9/23 14:55,0.289583333
4/9/23 14:56,0.296783333
4/9/23 14:57,0.297966667
4/9/23 14:58,0.29745
4/9/23 14:59,0.29755
4/9/23 15:00,0.3069
4/9/23 15:01,0.295883333
4/9/23 15:02,0.289133333
4/9/23 15:03,0.292716667
4/9/23 15:04,0.370183333
4/9/23 15:05,0.440566667
4/9/23 15:06,0.444983333
4/9/23 15:07,0.448666667
4/9/23 15:08,0.450383333
4/9/23 15:09,0.44975
4/9/23 15:10,0.44665
4/9/23 15:11,0.4416
4/9/23 15:12,0.448033333
4/9/23 15:13,0.405783333
4/9/23 15:14,0.29795
4/9/23 15:15,0.302716667
4/9/23 15:16,0.311283333
4/9/23 15:17,0.313433333
4/9/23 15:18,0.31325
4/9/23 15:19,0.311333333
4/9/23 15:20,0.304116667
4/9/23 15:21,0.304683333
4/9/23 15:22,0.3045
4/9/23 15:23,0.312816667
4/9/23 15:24,0.32515
4/9/23 15:25,0.326783333
4/9/23 15:26,0.3765
4/9/23 15:27,0.471183333
4/9/23 15:28,0.471083333
4/9/23 15:29,0.469116667
4/9/23 15:30,0.461916667
4/9/23 15:31,0.462616667
4/9/23 15:32,0.462
4/9/23 15:33,0.46445
4/9/23 15:34,0.464966667
4/9/23 15:35,0.468183333
4/9/23 15:36,0.3376
4/9/23 15:37,0.336683333
4/9/23 15:38,0.335016667
4/9/23 15:39,0.33785
4/9/23 15:40,0.472483333
4/9/23 15:41,0.53585
4/9/23 15:42,0.468616667
4/9/23 15:43,0.539333333
4/9/23 15:44,0.409716667
4/9/23 15:45,0.3556
4/9/23 15:46,0.347583333
4/9/23 15:47,0.34885
4/9/23 15:48,0.347233333
4/9/23 15:49,0.505466667
4/9/23 15:50,0.477116667
4/9/23 15:51,0.48075
4/9/23 15:52,0.484566667
4/9/23 15:53,0.486166667
4/9/23 15:54,0.490366667
4/9/23 15:55,0.499783333
4/9/23 15:56,0.50135
4/9/23 15:57,0.50025
4/9/23 15:58,0.38765
4/9/23 15:59,0.364966667
4/9/23 16:00,0.35915
4/9/23 16:01,0.352716667
4/9/23 16:02,0.363833333
4/9/23 16:03,0.350883333
4/9/23 16:04,0.3492
4/9/23 16:05,0.356016667
4/9/23 16:06,0.375933333
4/9/23 16:07,0.360566667
4/9/23 16:08,0.36235
4/9/23 16:09,0.359616667
4/9/23 16:10,0.352566667
4/9/23 16:11,0.464183333
4/9/23 16:12,0.491883333
4/9/23 16:13,0.490616667
4/9/23 16:14,0.4988
4/9/23 16:15,0.507433333
4/9/23 16:16,0.510633333
4/9/23 16:17,0.511816667
4/9/23 16:18,0.512716667
4/9/23 16:19,0.530583333
4/9/23 16:20,0.437166667
4/9/23 16:21,0.360566667
4/9/23 16:22,0.36065
4/9/23 16:23,0.36195
4/9/23 16:24,0.364216667
4/9/23 16:25,0.3827
4/9/23 16:26,0.388083333
4/9/23 16:27,0.38275
4/9/23 16:28,0.3844
4/9/23 16:29,0.388066667
4/9/23 16:30,0.3844
4/9/23 16:31,0.3759
4/9/23 16:32,0.377516667
4/9/23 16:33,0.465583333
4/9/23 16:34,0.529766667
4/9/23 16:35,0.534683333
4/9/23 16:36,0.545233333
4/9/23 16:37,0.541283333
4/9/23 16:38,0.54335
4/9/23 16:39,0.548133333
4/9/23 16:40,0.5423
4/9/23 16:41,0.53575
4/9/23 16:42,0.5323
4/9/23 16:43,0.422416667
4/9/23 16:44,0.429916667
4/9/23 16:45,0.434116667
4/9/23 16:46,0.436566667
4/9/23 16:47,0.437166667
4/9/23 16:48,0.439933333
4/9/23 16:49,0.439283333
4/9/23 16:50,0.43475
4/9/23 16:51,0.432866667
4/9/23 16:52,0.4397
4/9/23 16:53,0.447816667
4/9/23 16:54,0.4367
4/9/23 16:55,0.44345
4/9/23 16:56,0.616666667
4/9/23 16:57,0.592783333
4/9/23 16:58,0.596266667
4/9/23 16:59,0.607383333
4/9/23 17:00,0.627533333
4/9/23 17:01,0.593083333
4/9/23 17:02,0.630316667
4/9/23 17:03,0.673483333
4/9/23 17:04,0.67375
4/9/23 17:05,0.688266667
4/9/23 17:06,0.662283333
4/9/23 17:07,0.536566667
4/9/23 17:08,0.5413
4/9/23 17:09,0.56175
4/9/23 17:10,0.564966667
4/9/23 17:11,0.532916667
4/9/23 17:12,0.5319
4/9/23 17:13,0.5297
4/9/23 17:14,0.5305
4/9/23 17:15,0.5369
4/9/23 17:16,0.5788
4/9/23 17:17,0.567016667
4/9/23 17:18,0.5338
4/9/23 17:19,0.576116667
4/9/23 17:20,0.6833
4/9/23 17:21,0.681316667
4/9/23 17:22,0.6722
4/9/23 17:23,0.673533333
4/9/23 17:24,0.673316667
4/9/23 17:25,0.67345
4/9/23 17:26,0.676383333
4/9/23 17:27,0.695083333
4/9/23 17:28,0.684783333
4/9/23 17:29,0.58965
4/9/23 17:30,0.549433333
4/9/23 17:31,0.5454
4/9/23 17:32,0.534283333
4/9/23 17:33,0.53045
4/9/23 17:34,0.531366667
4/9/23 17:35,0.541133333
4/9/23 17:36,0.54295
4/9/23 17:37,0.55195
4/9/23 17:38,0.555416667
4/9/23 17:39,0.556933333
4/9/23 17:40,0.553033333
4/9/23 17:41,0.553133333
4/9/23 17:42,0.715533333
4/9/23 17:43,0.697383333
4/9/23 17:44,0.69265
4/9/23 17:45,0.694366667
4/9/23 17:46,0.693166667
4/9/23 17:47,0.66125
4/9/23 17:48,0.651233333
4/9/23 17:49,0.66015
4/9/23 17:50,0.668883333
4/9/23 17:51,0.561416667
4/9/23 17:52,0.503766667
4/9/23 17:53,0.50685
4/9/23 17:54,0.583
4/9/23 17:55,0.5622
4/9/23 17:56,0.569033333
4/9/23 17:57,0.561266667
4/9/23 17:58,0.5659
4/9/23 17:59,0.56625
4/9/23 18:00,0.571166667
4/9/23 18:01,0.580216667
4/9/23 18:02,0.57235
4/9/23 18:03,0.589666667
4/9/23 18:04,0.801683333
4/9/23 18:05,0.810566667
4/9/23 18:06,0.805816667
4/9/23 18:07,0.834716667
4/9/23 18:08,0.803066667
4/9/23 18:09,0.813266667
4/9/23 18:10,0.821766667
4/9/23 18:11,0.8334
4/9/23 18:12,0.764866667
4/9/23 18:13,0.643183333
4/9/23 18:14,0.591883333
4/9/23 18:15,0.641966667
4/9/23 18:16,0.6372
4/9/23 18:17,0.6058
4/9/23 18:18,0.619633333
4/9/23 18:19,0.61755
4/9/23 18:20,0.615666667
4/9/23 18:21,0.611766667
4/9/23 18:22,0.6278
4/9/23 18:23,0.7514
4/9/23 18:24,0.802183333
4/9/23 18:25,1.1348
4/9/23 18:26,1.046866667
4/9/23 18:27,0.93435
4/9/23 18:28,0.937966667
4/9/23 18:29,0.91865
4/9/23 18:30,0.91745
4/9/23 18:31,0.921
4/9/23 18:32,0.9161
4/9/23 18:33,0.8947
4/9/23 18:34,0.795216667
4/9/23 18:35,0.7974
4/9/23 18:36,0.802833333
4/9/23 18:37,0.766383333
4/9/23 18:38,0.774716667
4/9/23 18:39,0.7719
4/9/23 18:40,0.758333333
4/9/23 18:41,0.821983333
4/9/23 18:42,0.894866667
4/9/23 18:43,0.904616667
4/9/23 18:44,0.915066667
4/9/23 18:45,0.919533333
4/9/23 18:46,0.91775
4/9/23 18:47,0.9235
4/9/23 18:48,0.915766667
4/9/23 18:49,0.908133333
4/9/23 18:50,0.907483333
4/9/23 18:51,0.909383333
4/9/23 18:52,0.814683333
4/9/23 18:53,0.7681
4/9/23 18:54,0.773816667
4/9/23 18:55,0.780216667
4/9/23 18:56,0.766433333
4/9/23 18:57,0.791566667
4/9/23 18:58,0.797383333
4/9/23 18:59,0.78705
4/9/23 19:00,0.800666667
4/9/23 19:01,0.7791
4/9/23 19:02,0.77995
4/9/23 19:03,0.77715
4/9/23 19:04,0.827316667
4/9/23 19:05,0.938266667
4/9/23 19:06,0.933083333
4/9/23 19:07,0.936666667
4/9/23 19:08,0.9349
4/9/23 19:09,0.938033333
4/9/23 19:10,0.929916667
4/9/23 19:11,0.932466667
4/9/23 19:12,0.93055
4/9/23 19:13,0.932733333
4/9/23 19:14,0.923533333
4/9/23 19:15,0.816633333
4/9/23 19:16,0.808933333
4/9/23 19:17,0.804216667
4/9/23 19:18,0.804083333
4/9/23 19:19,0.801366667
4/9/23 19:20,0.796683333
4/9/23 19:21,0.794183333
4/9/23 19:22,0.78895
4/9/23 19:23,0.784733333
4/9/23 19:24,0.7852
4/9/23 19:25,0.7859
4/9/23 19:26,0.787683333
4/9/23 19:27,0.943266667
4/9/23 19:28,0.92995
4/9/23 19:29,0.977083333
4/9/23 19:30,0.983483333
4/9/23 19:31,0.974533333
4/9/23 19:32,0.978333333
4/9/23 19:33,0.972966667
4/9/23 19:34,0.972233333
4/9/23 19:35,0.972766667
4/9/23 19:36,0.976233333
4/9/23 19:37,0.96565
4/9/23 19:38,0.970583333
4/9/23 19:39,0.935816667
4/9/23 19:40,0.84595
4/9/23 19:41,0.888316667
4/9/23 19:42,0.83375
4/9/23 19:43,0.8331
4/9/23 19:44,0.8418
4/9/23 19:45,0.90025
4/9/23 19:46,0.96775
4/9/23 19:47,0.962633333
4/9/23 19:48,0.945683333
4/9/23 19:49,0.801733333
4/9/23 19:50,0.785633333
4/9/23 19:51,0.784783333
4/9/23 19:52,0.785183333
4/9/23 19:53,0.779566667
4/9/23 19:54,0.776666667
4/9/23 19:55,0.7697
4/9/23 19:56,0.767316667
4/9/23 19:57,0.63195
4/9/23 19:58,0.798133333
4/9/23 19:59,0.678883333
4/9/23 20:00,0.638933333
4/9/23 20:01,0.6384
4/9/23 20:02,0.639733333
4/9/23 20:03,0.639616667
4/9/23 20:04,0.727533333
4/9/23 20:05,0.88415
4/9/23 20:06,0.88375
4/9/23 20:07,0.88695
4/9/23 20:08,0.89435
4/9/23 20:09,0.880783333
4/9/23 20:10,0.888783333
4/9/23 20:11,0.8916
4/9/23 20:12,0.893566667
4/9/23 20:13,0.891216667
4/9/23 20:14,0.843683333
4/9/23 20:15,0.74495
4/9/23 20:16,0.737383333
4/9/23 20:17,0.737966667
4/9/23 20:18,0.739316667
4/9/23 20:19,0.7436
4/9/23 20:20,0.90395
4/9/23 20:21,0.80885
4/9/23 20:22,0.751366667
4/9/23 20:23,0.758233333
4/9/23 20:24,0.760116667
4/9/23 20:25,0.749633333
4/9/23 20:26,0.741616667
4/9/23 20:27,0.7796
4/9/23 20:28,0.899683333
4/9/23 20:29,0.880866667
4/9/23 20:30,0.8868
4/9/23 20:31,0.894016667
4/9/23 20:32,0.895966667
4/9/23 20:33,0.895716667
4/9/23 20:34,0.897233333
4/9/23 20:35,0.892183333
4/9/23 20:36,0.889
4/9/23 20:37,0.882133333
4/9/23 20:38,0.754266667
4/9/23 20:39,0.742733333
4/9/23 20:40,0.742583333
4/9/23 20:41,0.74455
4/9/23 20:42,0.869033333
4/9/23 20:43,0.899183333
4/9/23 20:44,0.933316667
4/9/23 20:45,0.9468
4/9/23 20:46,0.93235
4/9/23 20:47,0.859383333
4/9/23 20:48,0.840916667
4/9/23 20:49,0.804566667
4/9/23 20:50,0.941816667
4/9/23 20:51,0.943783333
4/9/23 20:52,0.945383333
4/9/23 20:53,0.946383333
4/9/23 20:54,0.948916667
4/9/23 20:55,0.9465
4/9/23 20:56,0.960433333
4/9/23 20:57,0.981516667
4/9/23 20:58,0.9844
4/9/23 20:59,0.9438
4/9/23 21:00,0.82835
4/9/23 21:01,0.870083333
4/9/23 21:02,0.808116667
4/9/23 21:03,0.806516667
4/9/23 21:04,0.810016667
4/9/23 21:05,0.822
4/9/23 21:06,0.808566667
4/9/23 21:07,0.821583333
4/9/23 21:08,0.814583333
4/9/23 21:09,0.81435
4/9/23 21:10,0.824133333
4/9/23 21:11,0.821566667
4/9/23 21:12,0.958083333
4/9/23 21:13,0.953916667
4/9/23 21:14,0.959716667
4/9/23 21:15,0.974483333
4/9/23 21:16,0.952366667
4/9/23 21:17,0.96185
4/9/23 21:18,0.950416667
4/9/23 21:19,0.9463
4/9/23 21:20,0.946683333
4/9/23 21:21,0.95145
4/9/23 21:22,0.814816667
4/9/23 21:23,0.817083333
4/9/23 21:24,0.812666667
4/9/23 21:25,0.810966667
4/9/23 21:26,0.805066667
4/9/23 21:27,0.800966667
4/9/23 21:28,0.800333333
4/9/23 21:29,0.798533333
4/9/23 21:30,0.799166667
4/9/23 21:31,0.775333333
4/9/23 21:32,0.751966667
4/9/23 21:33,0.81575
4/9/23 21:34,0.939016667
4/9/23 21:35,0.95735
4/9/23 21:36,0.954
4/9/23 21:37,0.941016667
4/9/23 21:38,0.9245
4/9/23 21:39,0.940266667
4/9/23 21:40,0.942766667
4/9/23 21:41,0.948033333
4/9/23 21:42,0.9483
4/9/23 21:43,0.9451
4/9/23 21:44,0.80555
4/9/23 21:45,0.799616667
4/9/23 21:46,0.79695
4/9/23 21:47,0.79245
4/9/23 21:48,0.792483333
4/9/23 21:49,0.79445
4/9/23 21:50,0.792283333
4/9/23 21:51,0.809466667
4/9/23 21:52,0.811316667
4/9/23 21:53,0.811183333
4/9/23 21:54,0.804333333
4/9/23 21:55,0.80375
4/9/23 21:56,0.928183333
4/9/23 21:57,0.932683333
4/9/23 21:58,0.9359
4/9/23 21:59,0.964766667
4/9/23 22:00,0.85225
4/9/23 22:01,0.806983333
4/9/23 22:02,0.788183333
4/9/23 22:03,0.78975
4/9/23 22:04,0.79645
4/9/23 22:05,0.797716667
4/9/23 22:06,0.79815
4/9/23 22:07,0.785366667
4/9/23 22:08,0.6386
4/9/23 22:09,0.644016667
4/9/23 22:10,0.645783333
4/9/23 22:11,0.641133333
4/9/23 22:12,0.6511
4/9/23 22:13,0.6446
4/9/23 22:14,0.641233333
4/9/23 22:15,0.645633333
4/9/23 22:16,0.646833333
4/9/23 22:17,0.64775
4/9/23 22:18,0.64015
4/9/23 22:19,0.673833333
4/9/23 22:20,0.78245
4/9/23 22:21,0.776083333
4/9/23 22:22,0.776833333
4/9/23 22:23,0.792816667
4/9/23 22:24,0.79915
4/9/23 22:25,0.797716667
4/9/23 22:26,0.805966667
4/9/23 22:27,0.798233333
4/9/23 22:28,0.784233333
4/9/23 22:29,0.7803
4/9/23 22:30,0.744233333
4/9/23 22:31,0.63845
4/9/23 22:32,0.63845
4/9/23 22:33,0.642816667
4/9/23 22:34,0.648466667
4/9/23 22:35,0.64845
4/9/23 22:36,0.65
4/9/23 22:37,0.649916667
4/9/23 22:38,0.6469
4/9/23 22:39,0.637733333
4/9/23 22:40,0.638633333
4/9/23 22:41,0.63895
4/9/23 22:42,0.800616667
4/9/23 22:43,0.7855
4/9/23 22:44,0.7891
4/9/23 22:45,0.79505
4/9/23 22:46,0.795116667
4/9/23 22:47,0.798166667
4/9/23 22:48,0.796533333
4/9/23 22:49,0.791416667
4/9/23 22:50,0.783233333
4/9/23 22:51,0.779933333
4/9/23 22:52,0.715833333
4/9/23 22:53,0.6182
4/9/23 22:54,0.4512
4/9/23 22:55,0.456316667
4/9/23 22:56,0.45985
4/9/23 22:57,0.462766667
4/9/23 22:58,0.499666667
4/9/23 22:59,0.511933333
4/9/23 23:00,0.493116667
4/9/23 23:01,0.497066667
4/9/23 23:02,0.58935
4/9/23 23:03,0.631083333
4/9/23 23:04,0.630883333
4/9/23 23:05,0.6368
4/9/23 23:06,0.639883333
4/9/23 23:07,0.640033333
4/9/23 23:08,0.640066667
4/9/23 23:09,0.640683333
4/9/23 23:10,0.636783333
4/9/23 23:11,0.6075
4/9/23 23:12,0.5935
4/9/23 23:13,0.466033333
4/9/23 23:14,0.473916667
4/9/23 23:15,0.494766667
4/9/23 23:16,0.501816667
4/9/23 23:17,0.507016667
4/9/23 23:18,0.51205
4/9/23 23:19,0.509383333
4/9/23 23:20,0.5085
4/9/23 23:21,0.496383333
4/9/23 23:22,0.476866667
4/9/23 23:23,0.65415
4/9/23 23:24,0.732366667
4/9/23 23:25,0.652416667
4/9/23 23:26,0.6995
4/9/23 23:27,0.724566667
4/9/23 23:28,0.70905
4/9/23 23:29,0.708266667
4/9/23 23:30,0.710216667
4/9/23 23:31,0.7148
4/9/23 23:32,0.7036
4/9/23 23:33,0.7179
4/9/23 23:34,0.713016667
4/9/23 23:35,0.7105
4/9/23 23:36,0.687216667
4/9/23 23:37,0.578516667
4/9/23 23:38,0.579766667
4/9/23 23:39,0.578083333
4/9/23 23:40,0.585883333
4/9/23 23:41,0.574266667
4/9/23 23:42,0.564316667
4/9/23 23:43,0.56245
4/9/23 23:44,0.60145
4/9/23 23:45,0.567233333
4/9/23 23:46,0.587683333
4/9/23 23:47,0.59725
4/9/23 23:48,0.718516667
4/9/23 23:49,0.720233333
4/9/23 23:50,0.768433333
4/9/23 23:51,0.716283333
4/9/23 23:52,0.735283333
4/9/23 23:53,0.70395
4/9/23 23:54,0.719416667
4/9/23 23:55,0.7356
4/9/23 23:56,0.719383333
4/9/23 23:57,0.75475
4/9/23 23:58,0.745633333
4/9/23 23:59,0.653866667
4/10/23 0:00,0.589483333
4/10/23 0:01,0.588216667
4/10/23 0:02,0.595433333
4/10/23 0:03,0.6018
4/10/23 0:04,0.577466667
4/10/23 0:05,0.58975
4/10/23 0:06,0.593716667
4/10/23 0:07,0.537716667
4/10/23 0:08,0.552283333
4/10/23 0:09,0.54245
4/10/23 0:10,0.632033333
4/10/23 0:11,0.701866667
4/10/23 0:12,0.69925
4/10/23 0:13,0.704733333
4/10/23 0:14,0.717783333
4/10/23 0:15,0.7029
4/10/23 0:16,0.692666667
4/10/23 0:17,0.69805
4/10/23 0:18,0.693066667
4/10/23 0:19,0.7213
4/10/23 0:20,0.70415
4/10/23 0:21,0.5899
4/10/23 0:22,0.588516667
4/10/23 0:23,0.587216667
4/10/23 0:24,0.59615
4/10/23 0:25,0.578483333
4/10/23 0:26,0.414983333
4/10/23 0:27,0.377616667
4/10/23 0:28,0.3698
4/10/23 0:29,0.369816667
4/10/23 0:30,0.3824
4/10/23 0:31,0.381083333
4/10/23 0:32,0.496616667
4/10/23 0:33,0.517233333
4/10/23 0:34,0.515933333
4/10/23 0:35,0.512266667
4/10/23 0:36,0.521416667
4/10/23 0:37,0.511983333
4/10/23 0:38,0.510133333
4/10/23 0:39,0.5102
4/10/23 0:40,0.51345
4/10/23 0:41,0.520366667
4/10/23 0:42,0.43045
4/10/23 0:43,0.373183333
4/10/23 0:44,0.381016667
4/10/23 0:45,0.375883333
4/10/23 0:46,0.36465
4/10/23 0:47,0.363966667
4/10/23 0:48,0.3596
4/10/23 0:49,0.3664
4/10/23 0:50,0.3665
4/10/23 0:51,0.37155
4/10/23 0:52,0.383316667
4/10/23 0:53,0.391716667
4/10/23 0:54,0.549616667
4/10/23 0:55,0.523533333
4/10/23 0:56,0.525383333
4/10/23 0:57,0.518833333
4/10/23 0:58,0.520083333
4/10/23 0:59,0.520483333
4/10/23 1:00,0.52045
4/10/23 1:01,0.5137
4/10/23 1:02,0.52075
4/10/23 1:03,0.510416667
4/10/23 1:04,0.386916667
4/10/23 1:05,0.390533333
4/10/23 1:06,0.389483333
4/10/23 1:07,0.3868
4/10/23 1:08,0.37965
4/10/23 1:09,0.387183333
4/10/23 1:10,0.3757
4/10/23 1:11,0.375333333
4/10/23 1:12,0.37395
4/10/23 1:13,0.380033333
4/10/23 1:14,0.38805
4/10/23 1:15,0.439833333
4/10/23 1:16,0.527316667
4/10/23 1:17,0.524116667
4/10/23 1:18,0.52805
4/10/23 1:19,0.521583333
4/10/23 1:20,0.516833333
4/10/23 1:21,0.5172
4/10/23 1:22,0.5187
4/10/23 1:23,0.518466667
4/10/23 1:24,0.526266667
4/10/23 1:25,0.4587
4/10/23 1:26,0.387633333
4/10/23 1:27,0.38805
4/10/23 1:28,0.3859
4/10/23 1:29,0.381983333
4/10/23 1:30,0.374766667
4/10/23 1:31,0.374533333
4/10/23 1:32,0.3751
4/10/23 1:33,0.375133333
4/10/23 1:34,0.388383333
4/10/23 1:35,0.394083333
4/10/23 1:36,0.388333333
4/10/23 1:37,0.478966667
4/10/23 1:38,0.53135
4/10/23 1:39,0.523966667
4/10/23 1:40,0.521016667
4/10/23 1:41,0.522033333
4/10/23 1:42,0.521916667
4/10/23 1:43,0.522516667
4/10/23 1:44,0.522066667
4/10/23 1:45,0.52525
4/10/23 1:46,0.529483333
4/10/23 1:47,0.40825
4/10/23 1:48,0.387966667
4/10/23 1:49,0.382216667
4/10/23 1:50,0.3847
4/10/23 1:51,0.384916667
4/10/23 1:52,0.374366667
4/10/23 1:53,0.373666667
4/10/23 1:54,0.375033333
4/10/23 1:55,0.37775
4/10/23 1:56,0.38495
4/10/23 1:57,0.38405
4/10/23 1:58,0.384033333
4/10/23 1:59,0.499883333
4/10/23 2:00,0.520033333
4/10/23 2:01,0.509183333
4/10/23 2:02,0.52015
4/10/23 2:03,0.52585
4/10/23 2:04,0.512933333
4/10/23 2:05,0.51285
4/10/23 2:06,0.51975
4/10/23 2:07,0.51935
4/10/23 2:08,0.48325
4/10/23 2:09,0.3751
4/10/23 2:10,0.372083333
4/10/23 2:11,0.36515
4/10/23 2:12,0.359233333
4/10/23 2:13,0.358816667
4/10/23 2:14,0.359516667
4/10/23 2:15,0.358383333
4/10/23 2:16,0.3673
4/10/23 2:17,0.371016667
4/10/23 2:18,0.372783333
4/10/23 2:19,0.375216667
4/10/23 2:20,0.3782
4/10/23 2:21,0.522616667
4/10/23 2:22,0.504066667
4/10/23 2:23,0.500483333
4/10/23 2:24,0.50235
4/10/23 2:25,0.502583333
4/10/23 2:26,0.503683333
4/10/23 2:27,0.50755
4/10/23 2:28,0.511966667
4/10/23 2:29,0.514666667
4/10/23 2:30,0.431233333
4/10/23 2:31,0.36985
4/10/23 2:32,0.3649
4/10/23 2:33,0.357533333
4/10/23 2:34,0.357816667
4/10/23 2:35,0.35805
4/10/23 2:36,0.357966667
4/10/23 2:37,0.37445
4/10/23 2:38,0.373116667
4/10/23 2:39,0.37325
4/10/23 2:40,0.373683333
4/10/23 2:41,0.372333333
4/10/23 2:42,0.402733333
4/10/23 2:43,0.502266667
4/10/23 2:44,0.498733333
4/10/23 2:45,0.499116667
4/10/23 2:46,0.501416667
4/10/23 2:47,0.507716667
4/10/23 2:48,0.5142
4/10/23 2:49,0.514266667
4/10/23 2:50,0.512833333
4/10/23 2:51,0.5108
4/10/23 2:52,0.39055
4/10/23 2:53,0.371383333
4/10/23 2:54,0.361633333
4/10/23 2:55,0.35745
4/10/23 2:56,0.3615
4/10/23 2:57,0.360166667
4/10/23 2:58,0.36395
4/10/23 2:59,0.388533333
4/10/23 3:00,0.371516667
4/10/23 3:01,0.371433333
4/10/23 3:02,0.3716
4/10/23 3:03,0.3676
4/10/23 3:04,0.406883333
4/10/23 3:05,0.50055
4/10/23 3:06,0.4943
4/10/23 3:07,0.4979
4/10/23 3:08,0.500616667
4/10/23 3:09,0.509233333
4/10/23 3:10,0.510116667
4/10/23 3:11,0.510516667
4/10/23 3:12,0.5102
4/10/23 3:13,0.506066667
4/10/23 3:14,0.369033333
4/10/23 3:15,0.361866667
4/10/23 3:16,0.361
4/10/23 3:17,0.3552
4/10/23 3:18,0.355883333
4/10/23 3:19,0.3567
4/10/23 3:20,0.364183333
4/10/23 3:21,0.368233333
4/10/23 3:22,0.36745
4/10/23 3:23,0.367883333
4/10/23 3:24,0.367666667
4/10/23 3:25,0.355783333
4/10/23 3:26,0.401366667
4/10/23 3:27,0.497283333
4/10/23 3:28,0.493283333
4/10/23 3:29,0.500983333
4/10/23 3:30,0.509183333
4/10/23 3:31,0.509433333
4/10/23 3:32,0.510816667
4/10/23 3:33,0.523316667
4/10/23 3:34,0.50385
4/10/23 3:35,0.501616667
4/10/23 3:36,0.359533333
4/10/23 3:37,0.360183333
4/10/23 3:38,0.3597
4/10/23 3:39,0.359366667
4/10/23 3:40,0.361666667
4/10/23 3:41,0.368883333
4/10/23 3:42,0.370216667
4/10/23 3:43,0.369666667
4/10/23 3:44,0.37065
4/10/23 3:45,0.364733333
4/10/23 3:46,0.362233333
4/10/23 3:47,0.357716667
4/10/23 3:48,0.392233333
4/10/23 3:49,0.501133333
4/10/23 3:50,0.49965
4/10/23 3:51,0.51895
4/10/23 3:52,0.514083333
4/10/23 3:53,0.514116667
4/10/23 3:54,0.51065
4/10/23 3:55,0.50515
4/10/23 3:56,0.504733333
4/10/23 3:57,0.495166667
4/10/23 3:58,0.359083333
4/10/23 3:59,0.359333333
4/10/23 4:00,0.509166667
4/10/23 4:01,0.513733333
4/10/23 4:02,0.521666667
4/10/23 4:03,0.524366667
4/10/23 4:04,0.52725
4/10/23 4:05,0.526583333
4/10/23 4:06,0.525733333
4/10/23 4:07,0.519233333
4/10/23 4:08,0.514766667
4/10/23 4:09,0.510333333
4/10/23 4:10,0.511016667
4/10/23 4:11,0.66595
4/10/23 4:12,0.659383333
4/10/23 4:13,0.659083333
4/10/23 4:14,0.661316667
4/10/23 4:15,0.660683333
4/10/23 4:16,0.6579
4/10/23 4:17,0.6505
4/10/23 4:18,0.64965
4/10/23 4:19,0.649216667
4/10/23 4:20,0.527316667
4/10/23 4:21,0.5126
4/10/23 4:22,0.521516667
4/10/23 4:23,0.5255
4/10/23 4:24,0.540133333
4/10/23 4:25,0.537383333
4/10/23 4:26,0.534383333
4/10/23 4:27,0.528783333
4/10/23 4:28,0.520016667
4/10/23 4:29,0.513033333
4/10/23 4:30,0.513666667
4/10/23 4:31,0.5128
4/10/23 4:32,0.521
4/10/23 4:33,0.62775
4/10/23 4:34,0.6609
4/10/23 4:35,0.658383333
4/10/23 4:36,0.661083333
4/10/23 4:37,0.650216667
4/10/23 4:38,0.650466667
4/10/23 4:39,0.650933333
4/10/23 4:40,0.651216667
4/10/23 4:41,0.65445
4/10/23 4:42,0.573783333
4/10/23 4:43,0.5279
4/10/23 4:44,0.529983333
4/10/23 4:45,0.5219
4/10/23 4:46,0.515033333
4/10/23 4:47,0.51035
4/10/23 4:48,0.5097
4/10/23 4:49,0.509983333
4/10/23 4:50,0.511366667
4/10/23 4:51,0.519383333
4/10/23 4:52,0.520883333
4/10/23 4:53,0.5231
4/10/23 4:54,0.523783333
4/10/23 4:55,0.567366667
4/10/23 4:56,0.652733333
4/10/23 4:57,0.647083333
4/10/23 4:58,0.650183333
4/10/23 4:59,0.6616
4/10/23 5:00,0.6753
4/10/23 5:01,0.6636
4/10/23 5:02,0.66305
4/10/23 5:03,0.662166667
4/10/23 5:04,0.620116667
4/10/23 5:05,0.515716667
4/10/23 5:06,0.508033333
4/10/23 5:07,0.508233333
4/10/23 5:08,0.5069
4/10/23 5:09,0.50685
4/10/23 5:10,0.510316667
4/10/23 5:11,0.517816667
4/10/23 5:12,0.518866667
4/10/23 5:13,0.5198
4/10/23 5:14,0.517266667
4/10/23 5:15,0.518283333
4/10/23 5:16,0.51135
4/10/23 5:17,0.515833333
4/10/23 5:18,0.620133333
4/10/23 5:19,0.652066667
4/10/23 5:20,0.657616667
4/10/23 5:21,0.6591
4/10/23 5:22,0.6606
4/10/23 5:23,0.660966667
4/10/23 5:24,0.656183333
4/10/23 5:25,0.648816667
4/10/23 5:26,0.648
4/10/23 5:27,0.54125
4/10/23 5:28,0.507333333
4/10/23 5:29,0.511516667
4/10/23 5:30,0.51935
4/10/23 5:31,0.519
4/10/23 5:32,0.518516667
4/10/23 5:33,0.524
4/10/23 5:34,0.520866667
4/10/23 5:35,0.510016667
4/10/23 5:36,0.510633333
4/10/23 5:37,0.511
4/10/23 5:38,0.518366667
4/10/23 5:39,0.52105
4/10/23 5:40,0.5222
4/10/23 5:41,0.681333333
4/10/23 5:42,0.657316667
4/10/23 5:43,0.654433333
4/10/23 5:44,0.64795
4/10/23 5:45,0.647916667
4/10/23 5:46,0.647283333
4/10/23 5:47,0.64765
4/10/23 5:48,0.654716667
4/10/23 5:49,0.633383333
4/10/23 5:50,0.524433333
4/10/23 5:51,0.534016667
4/10/23 5:52,0.530466667
4/10/23 5:53,0.512683333
4/10/23 5:54,0.5123
4/10/23 5:55,0.511666667
4/10/23 5:56,0.511416667
4/10/23 5:57,0.515666667
4/10/23 5:58,0.523116667
4/10/23 5:59,0.523583333
4/10/23 6:00,0.521633333
4/10/23 6:01,0.523883333
4/10/23 6:02,0.5201
4/10/23 6:03,0.627533333
4/10/23 6:04,0.653216667
4/10/23 6:05,0.645783333
4/10/23 6:06,0.64615
4/10/23 6:07,0.649933333
4/10/23 6:08,0.656166667
4/10/23 6:09,0.65115
4/10/23 6:10,0.658166667
4/10/23 6:11,0.661933333
4/10/23 6:12,0.53375
4/10/23 6:13,0.5214
4/10/23 6:14,0.513166667
4/10/23 6:15,0.50965
4/10/23 6:16,0.51215
4/10/23 6:17,0.511616667
4/10/23 6:18,0.519983333
4/10/23 6:19,0.523516667
4/10/23 6:20,0.52345
4/10/23 6:21,0.5229
4/10/23 6:22,0.524466667
4/10/23 6:23,0.518383333
4/10/23 6:24,0.5246
4/10/23 6:25,0.55335
4/10/23 6:26,0.6618
4/10/23 6:27,0.6617
4/10/23 6:28,0.666733333
4/10/23 6:29,0.667716667
4/10/23 6:30,0.6675
4/10/23 6:31,0.662833333
4/10/23 6:32,0.652466667
4/10/23 6:33,0.649816667
4/10/23 6:34,0.5864
4/10/23 6:35,0.514983333
4/10/23 6:36,0.5221
4/10/23 6:37,0.522533333
4/10/23 6:38,0.521383333
4/10/23 6:39,0.5214
4/10/23 6:40,0.530133333
4/10/23 6:41,0.514183333
4/10/23 6:42,0.511766667
4/10/23 6:43,0.512816667
4/10/23 6:44,0.513483333
4/10/23 6:45,0.515666667
4/10/23 6:46,0.521
4/10/23 6:47,0.521216667
4/10/23 6:48,0.607766667
4/10/23 6:49,0.659583333
4/10/23 6:50,0.6527
4/10/23 6:51,0.652433333
4/10/23 6:52,0.65535
4/10/23 6:53,0.65695
4/10/23 6:54,0.664716667
4/10/23 6:55,0.667716667
4/10/23 6:56,0.66435
4/10/23 6:57,0.555983333
4/10/23 6:58,0.5303
4/10/23 6:59,0.516533333
4/10/23 7:00,0.5315
4/10/23 7:01,0.5163
4/10/23 7:02,0.580683333
4/10/23 7:03,0.615516667
4/10/23 7:04,0.6556
4/10/23 7:05,0.647933333
4/10/23 7:06,0.643216667
4/10/23 7:07,0.63765
4/10/23 7:08,0.626466667
4/10/23 7:09,0.6255
4/10/23 7:10,0.622866667
4/10/23 7:11,0.748666667
4/10/23 7:12,0.76835
4/10/23 7:13,0.775216667
4/10/23 7:14,0.778766667
4/10/23 7:15,0.767833333
4/10/23 7:16,0.760533333
4/10/23 7:17,0.754283333
4/10/23 7:18,0.7723
4/10/23 7:19,0.800433333
4/10/23 7:20,0.682716667
4/10/23 7:21,0.684766667
4/10/23 7:22,0.682666667
4/10/23 7:23,0.6805
4/10/23 7:24,0.679466667
4/10/23 7:25,0.667416667
4/10/23 7:26,0.665483333
4/10/23 7:27,0.663633333
4/10/23 7:28,0.665266667
4/10/23 7:29,0.671716667
4/10/23 7:30,0.6919
4/10/23 7:31,0.639633333
4/10/23 7:32,0.563633333
4/10/23 7:33,0.523916667
4/10/23 7:34,0.610183333
4/10/23 7:35,0.595866667
4/10/23 7:36,0.596466667
4/10/23 7:37,0.6002
4/10/23 7:38,0.6063
4/10/23 7:39,0.603133333
4/10/23 7:40,0.6026
4/10/23 7:41,0.599983333
4/10/23 7:42,0.547866667
4/10/23 7:43,0.441366667
4/10/23 7:44,0.434983333
4/10/23 7:45,0.432
4/10/23 7:46,0.434416667
4/10/23 7:47,0.44665
4/10/23 7:48,0.46575
4/10/23 7:49,0.446316667
4/10/23 7:50,0.4441
4/10/23 7:51,0.441483333
4/10/23 7:52,0.433866667
4/10/23 7:53,0.4313
4/10/23 7:54,0.429666667
4/10/23 7:55,0.431166667
4/10/23 7:56,0.49695
4/10/23 7:57,0.57375
4/10/23 7:58,0.570333333
4/10/23 7:59,0.5708
4/10/23 8:00,0.563633333
4/10/23 8:01,0.555566667
4/10/23 8:02,0.5489
4/10/23 8:03,0.5491
4/10/23 8:04,0.563483333
4/10/23 8:05,0.462183333
4/10/23 8:06,0.410266667
4/10/23 8:07,0.436433333
4/10/23 8:08,0.513266667
4/10/23 8:09,0.589866667
4/10/23 8:10,0.5883
4/10/23 8:11,0.598266667
4/10/23 8:12,0.6186
4/10/23 8:13,0.625066667
4/10/23 8:14,0.620616667
4/10/23 8:15,0.616216667
4/10/23 8:16,0.61285
4/10/23 8:17,0.606916667
4/10/23 8:18,0.597716667
4/10/23 8:19,0.7185
4/10/23 8:20,0.732666667
4/10/23 8:21,0.64825
4/10/23 8:22,0.639916667
4/10/23 8:23,0.546033333
4/10/23 8:24,0.528566667
4/10/23 8:25,0.52415
4/10/23 8:26,0.513583333
4/10/23 8:27,0.507233333
4/10/23 8:28,0.371633333
4/10/23 8:29,0.3855
4/10/23 8:30,0.375716667
4/10/23 8:31,0.381833333
4/10/23 8:32,0.380633333
4/10/23 8:33,0.376833333
4/10/23 8:34,0.373
4/10/23 8:35,0.365383333
4/10/23 8:36,0.352033333
4/10/23 8:37,0.352066667
4/10/23 8:38,0.354633333
4/10/23 8:39,0.355833333
4/10/23 8:40,0.3554
4/10/23 8:41,0.400483333
4/10/23 8:42,0.49735
4/10/23 8:43,0.49075
4/10/23 8:44,0.493483333
4/10/23 8:45,0.480716667
4/10/23 8:46,0.480833333
4/10/23 8:47,0.479233333
4/10/23 8:48,0.479183333
4/10/23 8:49,0.481783333
4/10/23 8:50,0.4185
4/10/23 8:51,0.33505
4/10/23 8:52,0.33395
4/10/23 8:53,0.327183333
4/10/23 8:54,0.318416667
4/10/23 8:55,0.322133333
4/10/23 8:56,0.32795
4/10/23 8:57,0.3178
4/10/23 8:58,0.321916667
4/10/23 8:59,0.323266667
4/10/23 9:00,0.323433333
4/10/23 9:01,0.318733333
4/10/23 9:02,0.317983333
4/10/23 9:03,0.30555
4/10/23 9:04,0.404233333
4/10/23 9:05,0.439016667
4/10/23 9:06,0.441483333
4/10/23 9:07,0.453066667
4/10/23 9:08,0.456683333
4/10/23 9:09,0.5313
4/10/23 9:10,0.532366667
4/10/23 9:11,0.527183333
4/10/23 9:12,0.522583333
4/10/23 9:13,0.39675
4/10/23 9:14,0.38275
4/10/23 9:15,0.4068
4/10/23 9:16,0.40435
4/10/23 9:17,0.410583333
4/10/23 9:18,0.410216667
4/10/23 9:19,0.412166667
4/10/23 9:20,0.4063
4/10/23 9:21,0.397683333
4/10/23 9:22,0.745033333
4/10/23 9:23,0.7332
4/10/23 9:24,0.46675
4/10/23 9:25,0.379816667
4/10/23 9:26,0.39105
4/10/23 9:27,0.5374
4/10/23 9:28,0.6482
4/10/23 9:29,0.633183333
4/10/23 9:30,0.504766667
4/10/23 9:31,0.500916667
4/10/23 9:32,0.496783333
4/10/23 9:33,0.495783333
4/10/23 9:34,0.504166667
4/10/23 9:35,0.4796
4/10/23 9:36,0.369966667
4/10/23 9:37,0.36545
4/10/23 9:38,0.36775
4/10/23 9:39,0.352116667
4/10/23 9:40,0.346
4/10/23 9:41,0.345783333
4/10/23 9:42,0.3451
4/10/23 9:43,0.354416667
4/10/23 9:44,0.366383333
4/10/23 9:45,0.37045
4/10/23 9:46,0.377966667
4/10/23 9:47,0.37435
4/10/23 9:48,0.362516667
4/10/23 9:49,0.408566667
4/10/23 9:50,0.499966667
4/10/23 9:51,0.48925
4/10/23 9:52,0.504816667
4/10/23 9:53,0.520216667
4/10/23 9:54,0.522733333
4/10/23 9:55,0.51105
4/10/23 9:56,0.505883333
4/10/23 9:57,0.509016667
4/10/23 9:58,0.5051
4/10/23 9:59,0.4823
4/10/23 10:00,0.488
4/10/23 10:01,0.470933333
4/10/23 10:02,0.47125
4/10/23 10:03,0.468116667
4/10/23 10:04,0.455916667
4/10/23 10:05,0.4535
4/10/23 10:06,0.454816667
4/10/23 10:07,0.482966667
4/10/23 10:08,0.535366667
4/10/23 10:09,0.526833333
4/10/23 10:10,0.51485
4/10/23 10:11,0.502616667
4/10/23 10:12,0.47875
4/10/23 10:13,0.559266667
4/10/23 10:14,0.476866667
4/10/23 10:15,0.4587
4/10/23 10:16,0.457066667
4/10/23 10:17,0.455616667
4/10/23 10:18,0.460633333
4/10/23 10:19,0.467733333
4/10/23 10:20,0.467483333
4/10/23 10:21,0.387233333
4/10/23 10:22,0.320316667
4/10/23 10:23,0.319183333
4/10/23 10:24,0.318483333
4/10/23 10:25,0.3046
4/10/23 10:26,0.3026
4/10/23 10:27,0.300566667
4/10/23 10:28,0.303583333
4/10/23 10:29,0.30155
4/10/23 10:30,0.547583333
4/10/23 10:31,0.565616667
4/10/23 10:32,0.579316667
4/10/23 10:33,0.593583333
4/10/23 10:34,0.60365
4/10/23 10:35,0.663116667
4/10/23 10:36,0.739833333
4/10/23 10:37,0.740283333
4/10/23 10:38,0.7508
4/10/23 10:39,0.759633333
4/10/23 10:40,0.763416667
4/10/23 10:41,0.764133333
4/10/23 10:42,0.766016667
4/10/23 10:43,0.7622
4/10/23 10:44,0.671416667
4/10/23 10:45,0.610783333
4/10/23 10:46,0.599583333
4/10/23 10:47,0.607583333
4/10/23 10:48,0.6152
4/10/23 10:49,0.610766667
4/10/23 10:50,0.61045
4/10/23 10:51,0.610833333
4/10/23 10:52,0.601483333
4/10/23 10:53,0.60285
4/10/23 10:54,0.605633333
4/10/23 10:55,0.60215
4/10/23 10:56,0.61035
4/10/23 10:57,0.608666667
4/10/23 10:58,0.686166667
4/10/23 10:59,0.753383333
4/10/23 11:00,0.751016667
4/10/23 11:01,0.748016667
4/10/23 11:02,0.743683333
4/10/23 11:03,0.747433333
4/10/23 11:04,0.760533333
4/10/23 11:05,0.7675
4/10/23 11:06,0.756466667
4/10/23 11:07,0.66985
4/10/23 11:08,0.619133333
4/10/23 11:09,0.61285
4/10/23 11:10,0.619
4/10/23 11:11,0.632466667
4/10/23 11:12,0.615733333
4/10/23 11:13,0.607333333
4/10/23 11:14,0.608033333
4/10/23 11:15,0.612566667
4/10/23 11:16,0.614083333
4/10/23 11:17,0.61425
4/10/23 11:18,0.619033333
4/10/23 11:19,0.621833333
4/10/23 11:20,0.614033333
4/10/23 11:21,0.69215
4/10/23 11:22,0.761883333
4/10/23 11:23,0.755366667
4/10/23 11:24,0.752883333
4/10/23 11:25,0.764316667
4/10/23 11:26,0.770283333
4/10/23 11:27,0.768766667
4/10/23 11:28,0.778483333
4/10/23 11:29,0.788216667
4/10/23 11:30,0.690266667
4/10/23 11:31,0.634966667
4/10/23 11:32,0.632133333
4/10/23 11:33,0.626566667
4/10/23 11:34,0.620666667
4/10/23 11:35,0.625133333
4/10/23 11:36,0.63055
4/10/23 11:37,0.638366667
4/10/23 11:38,0.640166667
4/10/23 11:39,0.639716667
4/10/23 11:40,0.641033333
4/10/23 11:41,0.634416667
4/10/23 11:42,0.632833333
4/10/23 11:43,0.631533333
4/10/23 11:44,0.701233333
4/10/23 11:45,0.8041
4/10/23 11:46,0.788183333
4/10/23 11:47,0.787783333
4/10/23 11:48,0.791833333
4/10/23 11:49,0.792733333
4/10/23 11:50,0.79365
4/10/23 11:51,0.7822
4/10/23 11:52,0.779383333
4/10/23 11:53,0.70195
4/10/23 11:54,0.642433333
4/10/23 11:55,0.64325
4/10/23 11:56,0.6477
4/10/23 11:57,0.644666667
4/10/23 11:58,0.642516667
4/10/23 11:59,0.634916667
4/10/23 12:00,0.637266667
4/10/23 12:01,0.6454
4/10/23 12:02,0.659366667
4/10/23 12:03,0.656733333
4/10/23 12:04,0.659416667
4/10/23 12:05,0.667733333
4/10/23 12:06,0.663266667
4/10/23 12:07,0.709066667
4/10/23 12:08,0.814383333
4/10/23 12:09,0.8078
4/10/23 12:10,0.874416667
4/10/23 12:11,0.9242
4/10/23 12:12,0.908033333
4/10/23 12:13,0.913616667
4/10/23 12:14,0.925333333
4/10/23 12:15,0.952866667
4/10/23 12:16,0.9178
4/10/23 12:17,0.79015
4/10/23 12:18,0.746683333
4/10/23 12:19,0.83515
4/10/23 12:20,0.94535
4/10/23 12:21,0.93375
4/10/23 12:22,0.925116667
4/10/23 12:23,0.928
4/10/23 12:24,0.928116667
4/10/23 12:25,0.920733333
4/10/23 12:26,0.80705
4/10/23 12:27,0.771766667
4/10/23 12:28,0.7748
4/10/23 12:29,0.776283333
4/10/23 12:30,0.791516667
4/10/23 12:31,0.783033333
4/10/23 12:32,0.787733333
4/10/23 12:33,0.802233333
4/10/23 12:34,0.808816667
4/10/23 12:35,0.788866667
4/10/23 12:36,0.789433333
4/10/23 12:37,0.789433333
4/10/23 12:38,0.7938
4/10/23 12:39,0.805033333
4/10/23 12:40,0.824566667
4/10/23 12:41,0.9002
4/10/23 12:42,0.72845
4/10/23 12:43,0.731816667
4/10/23 12:44,0.736183333
4/10/23 12:45,0.741216667
4/10/23 12:46,0.743466667
4/10/23 12:47,0.813633333
4/10/23 12:48,0.86015
4/10/23 12:49,0.769683333
4/10/23 12:50,0.7127
4/10/23 12:51,0.6008
4/10/23 12:52,0.615266667
4/10/23 12:53,0.635083333
4/10/23 12:54,0.642066667
4/10/23 12:55,0.64255
4/10/23 12:56,0.6447
4/10/23 12:57,0.648616667
4/10/23 12:58,0.65695
4/10/23 12:59,0.648783333
4/10/23 13:00,0.655616667
4/10/23 13:01,0.658666667
4/10/23 13:02,0.76345
4/10/23 13:03,0.863816667
4/10/23 13:04,0.8687
4/10/23 13:05,0.872383333
4/10/23 13:06,0.873916667
4/10/23 13:07,0.888583333
4/10/23 13:08,0.97415
4/10/23 13:09,0.9847
4/10/23 13:10,0.855533333
4/10/23 13:11,0.85785
4/10/23 13:12,0.736383333
4/10/23 13:13,0.7235
4/10/23 13:14,0.73145
4/10/23 13:15,0.731183333
4/10/23 13:16,0.724433333
4/10/23 13:17,0.734733333
4/10/23 13:18,0.7257
4/10/23 13:19,0.765666667
4/10/23 13:20,0.769333333
4/10/23 13:21,0.7917
4/10/23 13:22,0.761433333
4/10/23 13:23,0.74885
4/10/23 13:24,0.7564
4/10/23 13:25,0.90235
4/10/23 13:26,0.868216667
4/10/23 13:27,0.8596
4/10/23 13:28,0.861133333
4/10/23 13:29,0.86305
4/10/23 13:30,0.873883333
4/10/23 13:31,0.858033333
4/10/23 13:32,0.854183333
4/10/23 13:33,0.849316667
4/10/23 13:34,0.76
4/10/23 13:35,0.723283333
4/10/23 13:36,0.721116667
4/10/23 13:37,0.7365
4/10/23 13:38,0.72405
4/10/23 13:39,0.725866667
4/10/23 13:40,0.7299
4/10/23 13:41,0.720716667
4/10/23 13:42,0.7288
4/10/23 13:43,0.729716667
4/10/23 13:44,0.719766667
4/10/23 13:45,0.717066667
4/10/23 13:46,0.71655
4/10/23 13:47,0.820266667
4/10/23 13:48,0.874516667
4/10/23 13:49,0.8755
4/10/23 13:50,0.87755
4/10/23 13:51,0.874983333
4/10/23 13:52,0.883
4/10/23 13:53,0.8798
4/10/23 13:54,0.86825
4/10/23 13:55,0.872616667
4/10/23 13:56,0.827016667
4/10/23 13:57,0.734183333
4/10/23 13:58,0.741683333
4/10/23 13:59,0.74415
4/10/23 14:00,0.743633333
4/10/23 14:01,0.672516667
4/10/23 14:02,0.2788
4/10/23 14:03,0.27275
4/10/23 14:04,0.268083333
4/10/23 14:05,0.269683333
4/10/23 14:06,0.267966667
4/10/23 14:07,0.27115
4/10/23 14:08,0.274366667
4/10/23 14:09,0.2831
4/10/23 14:10,0.45355
4/10/23 14:11,0.420183333
4/10/23 14:12,0.420083333
4/10/23 14:13,0.418116667
4/10/23 14:14,0.416766667
4/10/23 14:15,0.411816667
4/10/23 14:16,0.412366667
4/10/23 14:17,0.409
4/10/23 14:18,0.409
4/10/23 14:19,0.305716667
4/10/23 14:20,0.28625
4/10/23 14:21,0.29635
4/10/23 14:22,0.302916667
4/10/23 14:23,0.2872
4/10/23 14:24,0.284266667
4/10/23 14:25,0.291733333
4/10/23 14:26,0.282283333
4/10/23 14:27,0.301033333
4/10/23 14:28,0.286533333
4/10/23 14:29,0.29215
4/10/23 14:30,0.295766667
4/10/23 14:31,0.293633333
4/10/23 14:32,0.393166667
4/10/23 14:33,0.42605
4/10/23 14:34,0.4136
4/10/23 14:35,0.41855
4/10/23 14:36,0.418766667
4/10/23 14:37,0.418716667
4/10/23 14:38,0.419816667
4/10/23 14:39,0.428533333
4/10/23 14:40,0.433166667
4/10/23 14:41,0.419466667
4/10/23 14:42,0.719466667
4/10/23 14:43,0.488916667
4/10/23 14:44,0.37335
4/10/23 14:45,0.36485
4/10/23 14:46,0.303166667
4/10/23 14:47,0.314616667
4/10/23 14:48,0.315616667
4/10/23 14:49,0.299166667
4/10/23 14:50,0.29625
4/10/23 14:51,0.298916667
4/10/23 14:52,0.29995
4/10/23 14:53,0.304816667
4/10/23 14:54,0.324816667
4/10/23 14:55,0.430866667
4/10/23 14:56,0.424283333
4/10/23 14:57,0.43095
4/10/23 14:58,0.4423
4/10/23 14:59,0.4512
4/10/23 15:00,0.4389
4/10/23 15:01,0.434466667
4/10/23 15:02,0.441616667
4/10/23 15:03,0.44605
4/10/23 15:04,0.32125
4/10/23 15:05,0.306183333
4/10/23 15:06,0.305566667
4/10/23 15:07,0.3021
4/10/23 15:08,0.305166667
4/10/23 15:09,0.29635
4/10/23 15:10,0.297683333
4/10/23 15:11,0.29655
4/10/23 15:12,0.297116667
4/10/23 15:13,0.30235
4/10/23 15:14,0.3282
4/10/23 15:15,0.31365
4/10/23 15:16,0.313883333
4/10/23 15:17,0.42505
4/10/23 15:18,0.448766667
4/10/23 15:19,0.447766667
4/10/23 15:20,0.449966667
4/10/23 15:21,0.455433333
4/10/23 15:22,0.463366667
4/10/23 15:23,0.46745
4/10/23 15:24,0.4681
4/10/23 15:25,0.468133333
4/10/23 15:26,0.397433333
4/10/23 15:27,0.310666667
4/10/23 15:28,0.31295
4/10/23 15:29,0.31585
4/10/23 15:30,0.32255
4/10/23 15:31,0.318866667
4/10/23 15:32,0.3182
4/10/23 15:33,0.32565
4/10/23 15:34,0.3185
4/10/23 15:35,0.319666667
4/10/23 15:36,0.4342
4/10/23 15:37,0.527883333
4/10/23 15:38,0.629533333
4/10/23 15:39,0.579233333
4/10/23 15:40,0.717333333
4/10/23 15:41,0.60315
4/10/23 15:42,0.774116667
4/10/23 15:43,0.514166667
4/10/23 15:44,0.505766667
4/10/23 15:45,0.508533333
4/10/23 15:46,0.511866667
4/10/23 15:47,0.508083333
4/10/23 15:48,0.5019
4/10/23 15:49,0.35875
4/10/23 15:50,0.348033333
4/10/23 15:51,0.356583333
4/10/23 15:52,0.358116667
4/10/23 15:53,0.35845
4/10/23 15:54,0.367516667
4/10/23 15:55,0.368033333
4/10/23 15:56,0.511016667
4/10/23 15:57,0.786566667
4/10/23 15:58,0.505816667
4/10/23 15:59,0.5134
4/10/23 16:00,0.397466667
4/10/23 16:01,0.394066667
4/10/23 16:02,0.515416667
4/10/23 16:03,0.531133333
4/10/23 16:04,0.51685
4/10/23 16:05,0.5195
4/10/23 16:06,0.523883333
4/10/23 16:07,0.53345
4/10/23 16:08,0.55915
4/10/23 16:09,0.558116667
4/10/23 16:10,0.549783333
4/10/23 16:11,0.512433333
4/10/23 16:12,0.43555
4/10/23 16:13,0.389533333
4/10/23 16:14,0.385116667
4/10/23 16:15,0.392933333
4/10/23 16:16,0.395266667
4/10/23 16:17,0.398266667
4/10/23 16:18,0.42635
4/10/23 16:19,0.425733333
4/10/23 16:20,0.441066667
4/10/23 16:21,0.4378
4/10/23 16:22,0.447716667
4/10/23 16:23,0.450716667
4/10/23 16:24,0.502383333
4/10/23 16:25,0.559683333
4/10/23 16:26,0.544216667
4/10/23 16:27,0.55785
4/10/23 16:28,0.562433333
4/10/23 16:29,0.560066667
4/10/23 16:30,0.569383333
4/10/23 16:31,0.562033333
4/10/23 16:32,0.5483
4/10/23 16:33,0.510483333
4/10/23 16:34,0.393816667
4/10/23 16:35,0.392966667
4/10/23 16:36,0.404516667
4/10/23 16:37,0.410316667
4/10/23 16:38,0.40885
4/10/23 16:39,0.3987
4/10/23 16:40,0.402016667
4/10/23 16:41,0.411016667
4/10/23 16:42,0.413866667
4/10/23 16:43,0.4062
4/10/23 16:44,0.406
4/10/23 16:45,0.4112
4/10/23 16:46,0.426466667
4/10/23 16:47,0.59075
4/10/23 16:48,0.5614
4/10/23 16:49,0.565966667
4/10/23 16:50,0.577816667
4/10/23 16:51,0.5935
4/10/23 16:52,0.5916
4/10/23 16:53,0.59205
4/10/23 16:54,0.599883333
4/10/23 16:55,0.60135
4/10/23 16:56,0.48575
4/10/23 16:57,0.45955
4/10/23 16:58,0.456583333
4/10/23 16:59,0.4522
4/10/23 17:00,0.453416667
4/10/23 17:01,0.443283333
4/10/23 17:02,0.4531
4/10/23 17:03,0.4646
4/10/23 17:04,0.46545
4/10/23 17:05,0.401433333
4/10/23 17:06,0.385133333
4/10/23 17:07,0.413283333
4/10/23 17:08,0.45565
4/10/23 17:09,0.573083333
4/10/23 17:10,0.598083333
4/10/23 17:11,0.597133333
4/10/23 17:12,0.6082
4/10/23 17:13,0.614966667
4/10/23 17:14,0.6151
4/10/23 17:15,0.6149
4/10/23 17:16,0.6155
4/10/23 17:17,0.614716667
4/10/23 17:18,0.544216667
4/10/23 17:19,0.4689
4/10/23 17:20,0.470066667
4/10/23 17:21,0.474033333
4/10/23 17:22,0.4825
4/10/23 17:23,0.483833333
4/10/23 17:24,0.485816667
4/10/23 17:25,0.486716667
4/10/23 17:26,0.4758
4/10/23 17:27,0.47245
4/10/23 17:28,0.47295
4/10/23 17:29,0.474633333
4/10/23 17:30,0.482683333
4/10/23 17:31,0.555766667
4/10/23 17:32,0.629666667
4/10/23 17:33,0.629033333
4/10/23 17:34,0.625866667
4/10/23 17:35,0.624233333
4/10/23 17:36,0.623583333
4/10/23 17:37,0.622416667
4/10/23 17:38,0.625483333
4/10/23 17:39,0.625333333
4/10/23 17:40,0.604666667
4/10/23 17:41,0.48985
4/10/23 17:42,0.491283333
4/10/23 17:43,0.493933333
4/10/23 17:44,0.4954
4/10/23 17:45,0.487683333
4/10/23 17:46,0.489166667
4/10/23 17:47,0.487433333
4/10/23 17:48,0.487866667
4/10/23 17:49,0.490583333
4/10/23 17:50,0.49835
4/10/23 17:51,0.497383333
4/10/23 17:52,0.499783333
4/10/23 17:53,0.497
4/10/23 17:54,0.6518
4/10/23 17:55,0.568283333
4/10/23 17:56,0.5519
4/10/23 17:57,0.55455
4/10/23 17:58,0.564183333
4/10/23 17:59,0.569566667
4/10/23 18:00,0.275683333
4/10/23 18:01,0.262283333
4/10/23 18:02,0.259083333
4/10/23 18:03,0.277166667
4/10/23 18:04,0.3366
4/10/23 18:05,0.340216667
4/10/23 18:06,0.347416667
4/10/23 18:07,0.348316667
4/10/23 18:08,0.347633333
4/10/23 18:09,0.348416667
4/10/23 18:10,0.348683333
4/10/23 18:11,0.34485
4/10/23 18:12,0.344566667
4/10/23 18:13,0.3566
4/10/23 18:14,0.357816667
4/10/23 18:15,0.369416667
4/10/23 18:16,0.3784
4/10/23 18:17,0.42775
4/10/23 18:18,0.52615
4/10/23 18:19,0.4302
4/10/23 18:20,0.287116667
4/10/23 18:21,0.303183333
4/10/23 18:22,0.310516667
4/10/23 18:23,0.3212
4/10/23 18:24,0.32415
4/10/23 18:25,0.3265
4/10/23 18:26,0.328416667
4/10/23 18:27,0.32135
4/10/23 18:28,0.31685
4/10/23 18:29,0.318033333
4/10/23 18:30,0.3204
4/10/23 18:31,0.3233
4/10/23 18:32,0.328016667
4/10/23 18:33,0.322866667
4/10/23 18:34,0.409066667
4/10/23 18:35,0.451116667
4/10/23 18:36,0.434216667
4/10/23 18:37,0.431033333
4/10/23 18:38,0.414216667
4/10/23 18:39,0.432716667
4/10/23 18:40,0.450483333
4/10/23 18:41,0.452016667
4/10/23 18:42,0.520416667
4/10/23 18:43,0.532783333
4/10/23 18:44,0.625833333
4/10/23 18:45,0.74075
4/10/23 18:46,0.56835
4/10/23 18:47,0.5252
4/10/23 18:48,0.524883333
4/10/23 18:49,0.52015
4/10/23 18:50,0.519733333
4/10/23 18:51,0.542966667
4/10/23 18:52,0.531833333
4/10/23 18:53,0.5265
4/10/23 18:54,0.528666667
4/10/23 18:55,0.523783333
4/10/23 18:56,0.520383333
4/10/23 18:57,0.512966667
4/10/23 18:58,0.511216667
4/10/23 18:59,0.5183
4/10/23 19:00,0.880716667
4/10/23 19:01,0.8511
4/10/23 19:02,0.856416667
4/10/23 19:03,0.869983333
4/10/23 19:04,0.854433333
4/10/23 19:05,0.845933333
4/10/23 19:06,0.836783333
4/10/23 19:07,0.840583333
4/10/23 19:08,0.933183333
4/10/23 19:09,0.941483333
4/10/23 19:10,0.841783333
4/10/23 19:11,0.953683333
4/10/23 19:12,0.964633333
4/10/23 19:13,0.966533333
4/10/23 19:14,0.86755
4/10/23 19:15,0.812916667
4/10/23 19:16,0.812566667
4/10/23 19:17,0.81225
4/10/23 19:18,0.813966667
4/10/23 19:19,0.8159
4/10/23 19:20,0.826866667
4/10/23 19:21,0.82705
4/10/23 19:22,0.8232
4/10/23 19:23,0.813916667
4/10/23 19:24,0.8071
4/10/23 19:25,0.810933333
4/10/23 19:26,0.911266667
4/10/23 19:27,0.976
4/10/23 19:28,0.972333333
4/10/23 19:29,0.97165
4/10/23 19:30,0.977833333
4/10/23 19:31,0.972866667
4/10/23 19:32,0.89485
4/10/23 19:33,0.772116667
4/10/23 19:34,0.771383333
4/10/23 19:35,0.807116667
4/10/23 19:36,0.775766667
4/10/23 19:37,0.873383333
4/10/23 19:38,0.74155
4/10/23 19:39,0.693633333
4/10/23 19:40,0.630783333
4/10/23 19:41,0.533333333
4/10/23 19:42,0.546566667
4/10/23 19:43,0.59195
4/10/23 19:44,0.585416667
4/10/23 19:45,0.580766667
4/10/23 19:46,0.609516667
4/10/23 19:47,0.689083333
4/10/23 19:48,0.684416667
4/10/23 19:49,0.696133333
4/10/23 19:50,0.697833333
4/10/23 19:51,0.69045
4/10/23 19:52,0.690233333
4/10/23 19:53,0.690383333
4/10/23 19:54,0.6902
4/10/23 19:55,0.69775
4/10/23 19:56,0.700133333
4/10/23 19:57,0.63345
4/10/23 19:58,0.55565
4/10/23 19:59,0.545566667
4/10/23 20:00,0.549583333
4/10/23 20:01,0.5503
4/10/23 20:02,0.543433333
4/10/23 20:03,0.546133333
4/10/23 20:04,0.554316667
4/10/23 20:05,0.553083333
4/10/23 20:06,0.550616667
4/10/23 20:07,0.550016667
4/10/23 20:08,0.565783333
4/10/23 20:09,0.682316667
4/10/23 20:10,0.678283333
4/10/23 20:11,0.683816667
4/10/23 20:12,0.69145
4/10/23 20:13,0.693283333
4/10/23 20:14,0.6943
4/10/23 20:15,0.6936
4/10/23 20:16,0.68185
4/10/23 20:17,0.690716667
4/10/23 20:18,0.682566667
4/10/23 20:19,0.568683333
4/10/23 20:20,0.54505
4/10/23 20:21,0.551816667
4/10/23 20:22,0.548416667
4/10/23 20:23,0.55445
4/10/23 20:24,0.545733333
4/10/23 20:25,0.538883333
4/10/23 20:26,0.54005
4/10/23 20:27,0.539516667
4/10/23 20:28,0.540183333
4/10/23 20:29,0.54755
4/10/23 20:30,0.638166667
4/10/23 20:31,0.69875
4/10/23 20:32,0.693116667
4/10/23 20:33,0.690733333
4/10/23 20:34,0.69535
4/10/23 20:35,0.685916667
4/10/23 20:36,0.690516667
4/10/23 20:37,0.69665
4/10/23 20:38,0.699133333
4/10/23 20:39,0.698916667
4/10/23 20:40,0.6294
4/10/23 20:41,0.55255
4/10/23 20:42,0.545083333
4/10/23 20:43,0.545483333
4/10/23 20:44,0.548266667
4/10/23 20:45,0.5435
4/10/23 20:46,0.543516667
4/10/23 20:47,0.54865
4/10/23 20:48,0.55015
4/10/23 20:49,0.551016667
4/10/23 20:50,0.55225
4/10/23 20:51,0.5521
4/10/23 20:52,0.707216667
4/10/23 20:53,0.6884
4/10/23 20:54,0.681666667
4/10/23 20:55,0.68245
4/10/23 20:56,0.681783333
4/10/23 20:57,0.681916667
4/10/23 20:58,0.683433333
4/10/23 20:59,0.69225
4/10/23 21:00,0.697266667
4/10/23 21:01,0.670183333
4/10/23 21:02,0.547866667
4/10/23 21:03,0.545983333
4/10/23 21:04,0.543033333
4/10/23 21:05,0.568583333
4/10/23 21:06,0.599066667
4/10/23 21:07,0.624483333
4/10/23 21:08,0.626183333
4/10/23 21:09,0.619466667
4/10/23 21:10,0.6238
4/10/23 21:11,0.634716667
4/10/23 21:12,0.637733333
4/10/23 21:13,0.721883333
4/10/23 21:14,0.768666667
4/10/23 21:15,0.76725
4/10/23 21:16,0.772283333
4/10/23 21:17,0.772483333
4/10/23 21:18,0.778933333
4/10/23 21:19,0.7819
4/10/23 21:20,0.783033333
4/10/23 21:21,0.799033333
4/10/23 21:22,0.77835
4/10/23 21:23,0.650716667
4/10/23 21:24,0.630916667
4/10/23 21:25,0.60325
4/10/23 21:26,0.5994
4/10/23 21:27,0.6157
4/10/23 21:28,0.812666667
4/10/23 21:29,0.796266667
4/10/23 21:30,0.779383333
4/10/23 21:31,0.741683333
4/10/23 21:32,0.752816667
4/10/23 21:33,0.7679
4/10/23 21:34,0.742083333
4/10/23 21:35,0.898666667
4/10/23 21:36,0.87695
4/10/23 21:37,0.846466667
4/10/23 21:38,0.855783333
4/10/23 21:39,0.86895
4/10/23 21:40,0.876533333
4/10/23 21:41,0.8919
4/10/23 21:42,0.874066667
4/10/23 21:43,1.230933333
4/10/23 21:44,1.189366667
4/10/23 21:45,1.073766667
4/10/23 21:46,0.8333
4/10/23 21:47,0.757266667
4/10/23 21:48,0.773383333
4/10/23 21:49,0.7758
4/10/23 21:50,0.777266667
4/10/23 21:51,0.773383333
4/10/23 21:52,0.775633333
4/10/23 21:53,0.772683333
4/10/23 21:54,0.758816667
4/10/23 21:55,0.762183333
4/10/23 21:56,0.866416667
4/10/23 21:57,0.923583333
4/10/23 21:58,0.9226
4/10/23 21:59,0.92
4/10/23 22:00,0.779133333
4/10/23 22:01,0.74415
4/10/23 22:02,0.759333333
4/10/23 22:03,0.764633333
4/10/23 22:04,0.7408
4/10/23 22:05,0.729883333
4/10/23 22:06,0.612833333
4/10/23 22:07,0.60475
4/10/23 22:08,0.5834
4/10/23 22:09,0.57975
4/10/23 22:10,0.576283333
4/10/23 22:11,0.5749
4/10/23 22:12,0.554566667
4/10/23 22:13,0.546716667
4/10/23 22:14,0.539516667
4/10/23 22:15,0.564816667
4/10/23 22:16,0.544533333
4/10/23 22:17,0.551716667
4/10/23 22:18,0.711816667
4/10/23 22:19,0.72045
4/10/23 22:20,0.7161
4/10/23 22:21,0.696566667
4/10/23 22:22,0.688583333
4/10/23 22:23,0.6858
4/10/23 22:24,0.689383333
4/10/23 22:25,0.690266667
4/10/23 22:26,0.691316667
4/10/23 22:27,0.616716667
4/10/23 22:28,0.553466667
4/10/23 22:29,0.551283333
4/10/23 22:30,0.5448
4/10/23 22:31,0.572766667
4/10/23 22:32,0.567616667
4/10/23 22:33,0.55755
4/10/23 22:34,0.548683333
4/10/23 22:35,0.55365
4/10/23 22:36,0.559116667
4/10/23 22:37,0.55615
4/10/23 22:38,0.557383333
4/10/23 22:39,0.591783333
4/10/23 22:40,0.6862
4/10/23 22:41,0.6815
4/10/23 22:42,0.66885
4/10/23 22:43,0.698
4/10/23 22:44,0.673316667
4/10/23 22:45,0.674033333
4/10/23 22:46,0.696283333
4/10/23 22:47,0.712016667
4/10/23 22:48,0.70605
4/10/23 22:49,0.5731
4/10/23 22:50,0.56035
4/10/23 22:51,0.56095
4/10/23 22:52,0.558033333
4/10/23 22:53,0.552266667
4/10/23 22:54,0.551266667
4/10/23 22:55,0.552883333
4/10/23 22:56,0.557183333
4/10/23 22:57,0.567883333
4/10/23 22:58,0.561666667
4/10/23 22:59,0.566366667
4/10/23 23:00,0.585016667
4/10/23 23:01,0.65955
4/10/23 23:02,0.733033333
4/10/23 23:03,0.790533333
4/10/23 23:04,0.793583333
4/10/23 23:05,0.7694
4/10/23 23:06,0.68865
4/10/23 23:07,0.697616667
4/10/23 23:08,0.623266667
4/10/23 23:09,0.551183333
4/10/23 23:10,0.52495
4/10/23 23:11,0.3792
4/10/23 23:12,0.362066667
4/10/23 23:13,0.361016667
4/10/23 23:14,0.361783333
4/10/23 23:15,0.367766667
4/10/23 23:16,0.373416667
4/10/23 23:17,0.374266667
4/10/23 23:18,0.373116667
4/10/23 23:19,0.371783333
4/10/23 23:20,0.367866667
4/10/23 23:21,0.367983333
4/10/23 23:22,0.365383333
4/10/23 23:23,0.483083333
4/10/23 23:24,0.508816667
4/10/23 23:25,0.5135
4/10/23 23:26,0.523033333
4/10/23 23:27,0.523416667
4/10/23 23:28,0.5214
4/10/23 23:29,0.521566667
4/10/23 23:30,0.516283333
4/10/23 23:31,0.512316667
4/10/23 23:32,0.4351
4/10/23 23:33,0.3688
4/10/23 23:34,0.375466667
4/10/23 23:35,0.378933333
4/10/23 23:36,0.378783333
4/10/23 23:37,0.376033333
4/10/23 23:38,0.368
4/10/23 23:39,0.360016667
4/10/23 23:40,0.36165
4/10/23 23:41,0.35915
4/10/23 23:42,0.36245
4/10/23 23:43,0.36665
4/10/23 23:44,0.374616667
4/10/23 23:45,0.5126
4/10/23 23:46,0.512383333
4/10/23 23:47,0.5112
4/10/23 23:48,0.501866667
4/10/23 23:49,0.502383333
4/10/23 23:50,0.50305
4/10/23 23:51,0.508916667
4/10/23 23:52,0.514316667
4/10/23 23:53,0.514583333
4/10/23 23:54,0.413383333
4/10/23 23:55,0.368066667
4/10/23 23:56,0.3665
4/10/23 23:57,0.3576
4/10/23 23:58,0.357416667
4/10/23 23:59,0.357433333